symbol,strategy,timeFrame,signalDate,entryPrice,rsiDaily,rsiWeekly,rsiMonthly,volume,pattern,return5D,return10D,return20D,return40D,maxDrawdown,maxGain,outcome
RUCHIRA,RSITTF,D,2022-08-17,105.64,43.65,67.86,70.14,214024,,18.85,29.90,22.76,14.78,-5.34,40.15,Win
RUCHIRA,RSITTF,D,2022-08-18,106.64,44.81,67.86,70.14,266707,,25.91,24.77,17.35,12.72,-6.23,38.83,Loss
EMUDHRA,RSITTF,D,2022-09-07,329.70,44.23,74.07,100.00,264795,,-1.84,-7.90,-4.26,3.06,-12.71,8.49,Win
TCPLPACK,RSITTF,D,2022-09-20,1182.55,42.68,62.13,89.49,33010,,-4.56,-4.88,10.41,36.24,-10.70,44.52,Loss
JKPAPER,RSITTF,D,2022-09-22,398.05,44.13,65.36,73.12,679758,,-8.44,-1.56,-3.25,4.62,-11.57,9.53,Loss
ATGL,RSITTF,D,2022-09-27,3378.70,43.26,76.93,89.08,483227,,-4.81,-5.20,3.82,8.47,-12.23,15.80,Loss
INDIANB,RSITTF,D,2022-09-27,188.25,44.08,63.65,67.27,893744,,5.13,3.08,26.00,44.46,-1.99,51.24,Loss
SESHAPAPER,RSITTF,D,2022-09-27,265.60,44.41,70.51,74.52,171413,,5.03,4.54,22.61,11.28,-2.28,30.99,Loss
ABB,RSITTF,D,2022-09-27,3032.75,42.52,68.22,81.14,398170,,1.58,7.08,0.22,1.92,-3.65,9.97,Loss
POONAWALLA,RSITTF,D,2022-09-27,290.55,44.05,61.63,66.55,4688508,,8.71,13.34,6.66,7.35,-2.17,16.33,Loss
GRINDWELL,RSITTF,D,2022-09-27,2096.70,43.62,62.80,75.54,16771,,-1.34,-4.43,-1.76,-7.86,-10.19,4.45,Loss
UFLEX,RSITTF,D,2022-09-27,721.45,44.67,63.03,74.22,107499,,1.75,-2.49,1.44,-15.48,-16.97,3.82,Loss
PENIND,RSITTF,D,2022-09-27,42.60,41.98,61.45,65.86,325193,,3.05,6.69,35.09,57.75,-6.22,65.02,Loss
MOLDTKPAC,RSITTF,D,2022-09-28,917.65,42.64,74.67,78.78,37170,,-2.62,-7.68,-0.90,-2.59,-11.62,3.53,Loss
MONARCH,RSITTF,D,2022-09-28,170.53,43.97,64.05,81.23,18144,,7.24,1.77,2.96,8.15,-4.42,19.59,Loss
NDTV,RSITTF,D,2022-09-28,291.91,42.02,61.21,86.81,139356,,-4.08,-8.76,-14.97,10.09,-15.43,27.42,Win
HAL,RSITTF,D,2022-09-28,1145.10,42.18,76.63,80.68,1342218,,8.11,3.07,10.24,20.63,-1.26,22.57,Win
KEI,RSITTF,D,2022-09-28,1409.55,42.87,64.66,75.85,137281,,1.10,3.09,13.28,13.04,-1.48,17.91,Win
MEDICAMEQ,RSITTF,D,2022-09-28,989.10,44.78,68.89,76.70,12885,,1.08,-5.90,-14.06,-14.17,-19.50,8.99,Loss
BEL,RSITTF,D,2022-09-30,100.95,42.63,62.89,91.76,28502782,,3.47,0.84,7.48,4.11,-2.82,11.14,Loss
KAMATHOTEL,RSITTF,D,2022-09-30,89.00,44.99,61.51,66.65,66676,,2.19,-1.63,-4.78,0.84,-9.38,25.45,Win
KEI,RSITTF,D,2022-10-04,1415.10,44.65,64.06,74.41,84713,,1.20,7.87,12.97,14.22,-1.87,17.44,Win
ADANIENT,RSITTF,D,2022-10-04,3138.90,41.56,74.40,85.04,5819860,,-0.43,1.22,10.89,21.15,-3.14,26.51,Win
ADANIENT,RSITTF,D,2022-10-06,3184.76,44.26,74.40,85.04,2934671,,-1.56,2.19,16.69,19.65,-4.53,24.69,Loss
ADANIENT,RSITTF,D,2022-10-11,3174.05,44.23,66.67,85.04,2624429,,0.32,0.81,21.94,22.94,-4.21,25.11,Loss
GOODLUCK,RSITTF,D,2022-10-14,448.90,43.22,64.69,67.57,92760,,2.25,-0.52,7.69,10.75,-5.99,16.72,Loss
JAICORPLTD,RSITTF,D,2022-10-31,175.70,42.65,60.04,61.95,2453751,,-3.56,-4.95,-2.45,-17.70,-26.98,3.47,Win
JAICORPLTD,RSITTF,D,2022-11-01,176.85,43.94,60.04,61.95,1777593,,-4.66,-8.34,-3.73,-15.47,-27.45,2.80,Win
RHIM,RSITTF,D,2022-11-02,651.80,44.91,72.27,73.54,336141,,-7.67,-3.84,22.50,26.47,-12.47,35.69,Win
BCONCEPTS,RSITTF,D,2022-11-02,177.00,43.95,66.29,73.30,3672,,11.02,39.32,54.80,56.27,-3.39,72.20,Win
PATANJALI,RSITTF,D,2022-11-04,454.83,44.62,61.04,70.24,1019739,,-7.36,-11.50,-3.39,-12.54,-27.31,2.24,Loss
MACPOWER,RSITTF,D,2022-11-14,347.45,42.90,62.19,78.72,30609,,-2.96,-0.46,-6.43,-6.78,-14.94,7.07,Win
LTFOODS,RSITTF,D,2022-11-15,115.45,44.66,65.92,73.96,1172136,,-3.20,-3.51,-2.12,1.21,-11.43,10.39,Loss
APOLSINHOT,RSITTF,D,2022-11-16,1336.10,40.96,67.87,76.79,7625,,2.23,1.10,0.31,-4.62,-16.02,9.42,Win
COALINDIA,RSITTF,D,2022-11-16,234.90,43.72,68.84,71.31,9763605,,-1.83,-3.26,-1.17,-9.15,-10.13,0.00,Loss
ITC,RSITTF,D,2022-11-22,298.11,44.85,65.37,90.55,7413973,,0.60,-0.87,-0.03,-2.35,-4.38,2.09,Loss
SOLARINDS,RSITTF,D,2022-11-23,3873.30,43.59,65.21,81.09,32072,,0.11,3.43,4.05,9.59,-4.47,17.16,Win
SOLARINDS,RSITTF,D,2022-11-24,3886.20,44.85,65.21,81.09,60264,,4.95,3.91,4.49,11.62,-4.79,16.77,Loss
VENUSPIPES,RSITTF,D,2022-11-25,663.75,38.77,71.11,100.00,379491,,7.44,10.46,5.73,8.93,-2.89,14.89,Win
VENUSPIPES,RSITTF,D,2022-11-28,672.30,42.35,71.11,100.00,171660,,7.85,9.39,4.22,10.05,-4.13,13.43,Win
TNPL,RSITTF,D,2022-11-30,247.50,44.53,61.19,68.17,342858,,-0.14,3.03,-2.12,-2.75,-10.69,8.16,Win
JPOLYINVST,RSITTF,D,2022-12-01,519.85,43.19,63.86,71.55,10138,,-0.77,-17.74,-11.13,-14.56,-23.63,4.83,Loss
MOM30IETF,RSITTF,D,2022-12-14,20.59,35.75,65.52,88.00,6369,,-3.35,-4.81,-6.22,-9.32,-13.31,15.10,Loss
ATGL,RSITTF,D,2022-12-15,3550.75,44.65,63.24,80.16,268896,,0.02,6.82,2.77,-66.41,-74.01,12.65,Loss
SBIN,RSITTF,D,2022-12-22,593.40,43.04,67.20,70.94,8739896,,3.10,1.97,-0.60,-10.52,-15.85,4.58,Loss
GANECOS,RSITTF,D,2022-12-26,873.35,44.40,60.79,75.39,46070,,5.94,3.65,1.60,-3.95,-6.11,8.78,Win
PONNIERODE,RSITTF,D,2023-02-02,440.70,44.80,63.17,74.64,71842,,2.86,9.72,-1.75,-7.24,-17.95,14.77,Win
SHRIPISTON,RSITTF,D,2023-02-03,575.00,44.15,62.82,69.71,1292,,11.57,4.26,-1.19,-5.94,-14.63,18.17,Win
FACT,RSITTF,D,2023-02-06,276.10,43.03,61.86,67.58,571493,,-5.87,-12.73,-9.09,-20.25,-30.46,27.42,Loss
JBMA,RSITTF,D,2023-02-08,248.80,43.66,62.53,69.31,342020,,5.96,13.22,25.70,49.17,-2.94,64.57,Loss
JWL,RSITTF,D,2023-02-13,99.05,44.96,61.42,86.13,313799,,0.56,-6.41,-2.37,-1.36,-13.98,8.38,Loss
DATAPATTNS,RSITTF,D,2023-02-22,1286.75,44.11,63.67,68.19,374275,,3.90,3.01,8.56,27.90,-8.37,35.88,Loss
KPITTECH,RSITTF,D,2023-04-05,815.75,44.83,75.56,81.24,13318958,,6.54,4.04,8.26,36.76,-6.44,42.20,Loss
SOMATEX,RSITTF,D,2023-04-13,28.70,41.40,61.41,82.95,450625,,-22.30,-33.62,-20.73,-5.40,-45.30,4.53,Loss
MARATHON,RSITTF,D,2023-05-04,287.75,44.52,70.64,82.04,38625,,-0.21,4.52,4.73,12.42,-5.09,17.81,Loss
FAZE3Q,RSITTF,D,2023-05-11,327.40,43.66,68.53,85.36,6267,,3.02,6.49,7.42,13.62,-5.31,32.62,Win
SILVERAXIS,RSITTF,D,2023-05-15,74.23,44.18,60.50,81.60,81098,,0.35,-2.22,0.58,-2.56,-7.69,2.96,Loss
OSWALSEEDS,RSITTF,D,2023-05-22,59.39,41.99,62.89,77.72,48690,,6.60,10.12,3.38,-5.10,-10.17,19.36,Loss
OSWALSEEDS,RSITTF,D,2023-05-24,59.67,44.17,62.89,77.72,58242,,5.14,7.32,1.44,-6.15,-10.59,18.80,Loss
OSWALSEEDS,RSITTF,D,2023-05-25,59.72,44.43,62.89,77.72,60966,,7.92,3.90,1.72,-6.55,-10.67,18.70,Loss
LAMBODHARA,RSITTF,D,2023-06-01,191.60,43.30,68.39,66.54,56880,,-11.69,-10.65,-17.90,-23.28,-27.45,1.51,Loss
CPSEETF,RSITTF,D,2023-06-02,41.79,44.87,61.35,78.21,2113083,,2.46,3.85,5.41,14.36,-1.05,16.18,Win
ORIENTHOT,RSITTF,D,2023-06-07,87.80,43.77,62.77,68.76,340619,,3.82,4.95,0.57,-1.82,-5.47,8.43,Loss
ANURAS,RSITTF,D,2023-06-08,1085.35,42.55,69.93,67.61,93168,,-0.18,-3.63,-9.06,-14.58,-15.23,5.96,Loss
RAMKY,RSITTF,D,2023-06-09,369.25,42.51,62.24,72.97,87868,,-1.49,-5.46,4.54,38.66,-5.90,41.75,Loss
LINC,RSITTF,D,2023-06-22,356.75,43.59,72.58,91.37,18512,,-0.11,-3.99,-7.36,-11.00,-16.74,4.34,Loss
HARDWYN,RSITTF,D,2023-06-28,19.21,42.03,68.22,81.21,2210058,,14.58,7.70,11.30,5.73,0.00,23.11,Win
IZMO,RSITTF,D,2023-06-30,192.00,44.32,63.74,77.47,136458,,2.08,-2.08,1.48,-7.50,-21.74,17.71,Win
AFSL,RSITTF,D,2023-07-05,276.20,43.47,69.74,83.06,103389,,7.93,18.32,-2.14,-1.86,-6.50,24.48,Win
PGEL,RSITTF,D,2023-07-05,154.50,42.46,66.61,78.68,322570,,1.62,-0.78,-1.62,19.09,-6.03,38.54,Win
INGERRAND,RSITTF,D,2023-07-06,2766.10,44.71,65.25,81.13,9170,,3.03,1.77,8.46,15.17,-1.74,20.38,Win
KINGFA,RSITTF,D,2023-07-13,1904.00,44.53,64.85,68.56,11681,,0.37,7.14,21.32,21.06,-2.95,36.29,Loss
BCLIND,RSITTF,D,2023-07-13,48.01,44.65,68.42,65.33,1071840,,0.40,-6.60,-1.79,3.17,-10.02,18.31,Loss
ABB,RSITTF,D,2023-07-21,4239.00,44.56,67.57,81.30,411310,,6.46,4.86,1.89,1.92,-2.74,10.36,Win
HIRECT,RSITTF,D,2023-07-24,140.50,44.44,60.17,67.91,4408,,4.31,13.88,28.11,23.84,-1.78,40.46,Win
THEJO,RSITTF,D,2023-07-26,1590.00,44.98,60.96,72.99,1650,,1.45,0.31,-0.63,2.32,-8.80,11.76,Loss
AETHER,RSITTF,D,2023-07-27,1025.20,44.86,61.71,71.72,180168,,1.23,3.02,2.69,-5.19,-7.48,8.11,Loss
NESTLEIND,RSITTF,D,2023-07-28,1124.05,44.68,62.78,65.37,1344218,,-0.12,-2.84,-1.99,2.33,-4.59,3.90,Loss
BRITANNIA,RSITTF,D,2023-07-28,4905.00,43.42,60.97,67.56,357029,,-2.09,-8.00,-7.87,-6.22,-9.85,0.00,Loss
LGBBROSLTD,RSITTF,D,2023-07-31,1060.05,43.49,62.84,70.94,94501,,-3.78,-5.66,-7.08,-0.57,-7.91,7.89,Win
IOC,RSITTF,D,2023-08-01,94.05,42.97,63.86,64.43,16043937,,-1.65,-0.74,-3.46,-4.52,-5.69,2.07,Loss
AMBICAAGAR,RSITTF,D,2023-08-02,34.75,42.87,61.77,62.99,5669,,5.90,7.34,14.10,-5.32,-10.50,23.88,Loss
TIINDIA,RSITTF,D,2023-08-02,3069.90,44.05,61.73,72.36,73900,,-4.69,-9.97,-6.35,-2.66,-10.16,21.71,Loss
MEDANTA,RSITTF,D,2023-08-03,671.05,43.91,79.11,89.44,117119,,2.65,1.66,5.32,11.36,-1.43,13.11,Loss
BNKETFAXIS,RSITTF,D,2023-08-04,453.94,44.91,61.52,66.77,1041,,-0.74,-1.59,-0.25,-1.09,-2.82,5.74,Win
IONEXCHANG,RSITTF,D,2023-08-08,477.55,44.81,68.17,88.15,201808,,7.54,-2.57,14.46,7.58,-4.51,23.96,Loss
LGBBROSLTD,RSITTF,D,2023-08-08,1030.00,40.41,60.39,70.94,34482,,-2.89,-2.96,0.20,0.77,-5.22,11.03,Loss
EMUDHRA,RSITTF,D,2023-08-10,441.65,44.83,66.69,70.25,64493,,18.87,16.37,11.33,6.09,-2.32,21.09,Win
CMSINFO,RSITTF,D,2023-08-11,368.50,44.98,60.78,72.66,2592660,,-4.87,-3.26,1.17,-0.33,-7.38,5.70,Loss
CREST,RSITTF,D,2023-08-17,232.70,44.43,79.49,81.80,33795,,3.01,3.95,1.42,4.00,-4.79,13.02,Win
NIFTY1,RSITTF,D,2023-08-21,207.52,44.74,65.74,65.50,24385,,-0.20,0.93,4.16,1.88,-2.23,5.24,Win
NIFTYBEES,RSITTF,D,2023-08-21,213.27,44.76,64.55,66.07,2954052,,-0.24,1.09,4.06,1.84,-2.87,6.06,Win
SHRIPISTON,RSITTF,D,2023-08-22,1170.00,44.25,67.21,86.27,14686,,-7.69,4.41,-10.47,-0.96,-18.90,7.15,Loss
SENSEXIETF,RSITTF,D,2023-08-22,724.01,42.88,65.68,68.06,1493,,0.15,1.31,2.93,0.69,-2.75,4.31,Win
WSI,RSITTF,D,2023-08-25,105.50,41.22,62.24,99.26,14402,,2.56,3.32,-3.60,-6.78,-11.47,13.46,Win
WSI,RSITTF,D,2023-08-28,107.60,44.53,62.24,99.26,7025,,-0.42,5.86,-8.97,-5.76,-13.20,11.25,Loss
WSI,RSITTF,D,2023-08-31,107.10,44.84,62.24,80.70,16041,,-1.03,8.03,-0.75,-6.68,-12.79,11.76,Win
ICRA,RSITTF,D,2023-09-04,5685.00,44.14,63.02,78.43,32594,,0.70,-0.22,-4.22,-5.12,-10.64,2.73,Win
ZYDUSLIFE,RSITTF,D,2023-09-04,620.50,44.24,67.59,63.35,1201335,,1.30,3.69,-2.48,-6.88,-8.50,5.38,Win
SULA,RSITTF,D,2023-09-05,484.50,44.93,63.91,78.33,894465,,-1.61,-0.93,-2.13,-2.07,-7.74,1.96,Win
DRREDDY,RSITTF,D,2023-09-06,1116.66,43.90,65.92,63.77,2256645,,2.79,1.53,-2.84,-4.39,-6.77,4.65,Win
MARKSANS,RSITTF,D,2023-09-06,108.10,44.54,73.30,71.36,1561031,,-2.59,-3.70,0.93,8.19,-9.85,28.40,Loss
KSOLVES,RSITTF,D,2023-09-07,557.20,44.47,66.60,78.70,91890,,-5.99,-4.64,-6.99,-5.03,-10.27,7.68,Loss
SEPC,RSITTF,D,2023-09-07,11.95,43.60,62.83,66.31,9459219,,-0.33,0.00,15.23,78.74,-5.36,96.57,Loss
ACE,RSITTF,D,2023-09-07,712.90,44.13,80.55,88.81,294878,,-1.20,-4.93,-2.78,17.06,-9.62,25.50,Win
ACE,RSITTF,D,2023-09-08,714.40,44.62,70.70,88.81,146659,,-1.06,-6.19,-2.17,18.50,-9.81,25.24,Loss
AARON,RSITTF,D,2023-09-11,126.50,44.89,62.62,79.69,1044,,-0.40,-2.96,8.70,3.95,-4.35,20.50,Loss
NEULANDLAB,RSITTF,D,2023-09-13,3587.90,44.87,68.60,79.62,42638,,-0.37,5.85,7.47,49.01,-1.84,53.97,Loss
AARON,RSITTF,D,2023-09-13,126.13,44.32,62.62,79.69,430,,-0.30,-3.87,9.01,7.55,-4.07,20.85,Win
ALBERTDAVD,RSITTF,D,2023-09-13,752.70,43.07,67.57,65.07,17242,,-1.29,2.38,11.55,12.87,-3.51,25.51,Win
NESCO,RSITTF,D,2023-09-13,682.00,44.42,74.00,67.70,112030,,1.02,0.67,-1.59,15.98,-9.67,23.46,Loss
TALBROAUTO,RSITTF,D,2023-09-13,193.71,44.45,76.33,81.09,306420,,-4.23,7.38,10.45,25.16,-4.87,45.42,Win
VOLTAMP,RSITTF,D,2023-09-13,4980.20,43.30,68.64,83.09,71399,,0.50,-10.86,-8.67,5.38,-15.42,8.96,Win
HINDCON,RSITTF,D,2023-09-14,25.04,41.07,75.09,73.75,65334,,-1.36,4.19,6.95,21.21,-6.75,47.16,Loss
AARON,RSITTF,D,2023-09-14,126.30,44.74,62.62,79.69,192,,-1.03,-2.07,12.43,5.68,-4.20,20.69,Win
BECTORFOOD,RSITTF,D,2023-09-14,195.19,44.87,81.56,88.64,1142880,,1.33,6.84,16.07,37.28,-5.12,40.78,Loss
JASH,RSITTF,D,2023-09-14,274.00,44.12,82.00,92.61,48150,,-4.16,-1.82,9.16,-2.21,-8.69,11.94,Loss
KRITINUT,RSITTF,D,2023-09-14,75.75,43.36,71.30,72.21,21177,,-3.56,-1.65,2.71,-4.29,-7.19,13.14,Loss
ENGINERSIN,RSITTF,D,2023-09-14,148.25,44.43,84.01,77.87,2458924,,-2.77,-0.54,-6.24,-1.25,-21.45,4.18,Win
ACE,RSITTF,D,2023-09-14,704.35,44.66,70.70,88.81,200043,,-3.78,-2.25,-0.02,21.83,-7.18,27.07,Win
SMLMAH,RSITTF,D,2023-09-14,1202.10,41.82,64.71,74.75,16289,,-2.25,-1.84,1.88,11.10,-3.61,31.30,Win
VOLTAMP,RSITTF,D,2023-09-14,5013.45,44.27,68.64,83.09,19192,,-1.77,-10.46,-10.64,4.44,-15.99,8.23,Win
JISLDVREQS,RSITTF,D,2023-09-20,30.40,41.72,63.30,76.83,2130,,5.43,4.61,7.89,14.64,-8.39,25.33,Win
HCC,RSITTF,D,2023-09-20,19.87,44.64,62.72,74.85,20122589,,12.58,12.78,16.05,27.98,-4.28,30.60,Loss
SIRCA,RSITTF,D,2023-09-21,394.00,43.91,62.45,75.27,58373,,-3.48,-1.70,-5.58,-5.08,-11.40,1.27,Loss
JAICORPLTD,RSITTF,D,2023-09-21,207.35,44.78,63.45,71.16,2250538,,2.97,14.03,58.23,52.81,-1.90,79.31,Loss
3MINDIA,RSITTF,D,2023-09-21,29913.05,44.27,63.43,71.42,2308,,3.18,4.14,0.62,2.73,-3.49,9.94,Win
BLS,RSITTF,D,2023-09-22,264.85,44.80,65.32,83.38,1476895,,-5.57,-9.01,-7.17,-0.02,-13.23,9.38,Loss
RATEGAIN,RSITTF,D,2023-09-22,539.55,42.27,63.97,70.53,318603,,9.99,10.24,9.95,32.80,0.00,35.85,Win
SUPREMEIND,RSITTF,D,2023-09-22,4107.45,44.17,66.00,85.21,183993,,0.34,-2.33,5.22,0.41,-6.85,19.00,Win
ESABINDIA,RSITTF,D,2023-09-25,5057.50,44.23,61.46,76.68,2499,,-2.14,-1.77,9.51,21.80,-4.86,30.22,Loss
SAKAR,RSITTF,D,2023-09-26,320.45,44.88,61.41,74.37,13644,,5.48,7.27,3.01,24.37,-2.42,30.91,Loss
HINDCON,RSITTF,D,2023-09-26,24.72,41.61,60.70,73.75,13314,,5.30,4.89,4.21,41.18,-5.54,60.19,Win
JWL,RSITTF,D,2023-09-26,302.80,44.57,68.29,90.96,3768297,,5.12,3.02,-2.64,7.88,-11.89,19.90,Win
HINDCOMPOS,RSITTF,D,2023-09-26,412.00,44.53,60.99,65.84,17247,,0.49,-0.24,-4.42,16.02,-6.32,19.04,Loss
63MOONS,RSITTF,D,2023-09-27,287.65,43.98,62.92,72.86,94842,,-5.79,-13.42,-9.35,47.85,-16.90,88.20,Loss
WALCHANNAG,RSITTF,D,2023-09-27,111.80,44.05,60.28,71.08,21015,,10.24,36.54,44.54,69.95,0.00,77.95,Win
CERA,RSITTF,D,2023-09-28,8496.00,43.46,62.89,79.54,12308,,-3.76,3.93,0.52,-1.98,-6.12,8.90,Win
NSLNISP,RSITTF,D,2023-09-29,51.45,44.38,64.06,91.15,3182393,,0.29,1.36,-21.96,-15.94,-23.91,4.28,Loss
PTC,RSITTF,D,2023-09-29,132.75,44.24,63.09,67.49,672310,,0.72,2.11,5.80,18.12,-5.39,28.63,Loss
CERA,RSITTF,D,2023-09-29,8521.10,44.39,61.30,79.54,13410,,-4.00,5.63,-0.25,-1.30,-6.40,8.58,Win
TEXRAIL,RSITTF,D,2023-10-04,126.85,44.31,67.94,74.35,1595918,,-0.24,6.23,-2.48,11.82,-12.73,26.13,Win
MOGSEC,RSITTF,D,2023-10-10,52.63,44.27,70.42,82.83,42602,,0.36,0.44,1.08,1.75,-0.21,4.41,Win
KOTARISUG,RSITTF,D,2023-10-10,53.60,44.70,62.78,68.87,82781,,-1.31,-5.04,0.75,-2.80,-11.38,14.46,Loss
HMAAGRO,RSITTF,D,2023-10-10,71.79,43.96,67.93,100.00,182079,,0.86,-4.97,-2.59,-11.13,-14.61,8.68,Loss
GILT5YBEES,RSITTF,D,2023-10-10,52.86,44.05,70.46,71.67,402376,,0.38,0.47,1.12,1.65,-2.57,2.35,Win
VASWANI,RSITTF,D,2023-10-10,26.55,44.93,60.44,69.83,50037,,-0.19,-9.60,-3.20,-9.23,-15.07,6.59,Win
EBBETF0430,RSITTF,D,2023-10-12,1294.80,43.48,70.84,83.12,5253,,0.19,0.39,0.75,1.31,-2.82,4.82,Neutral
MMP,RSITTF,D,2023-10-17,221.20,42.35,62.69,70.58,12041,,-1.54,-2.94,-5.97,-4.57,-17.45,10.31,Win
CHALET,RSITTF,D,2023-10-25,559.70,44.56,72.96,89.83,157133,,-0.22,3.64,4.02,16.06,-4.08,28.32,Loss
TARIL,RSITTF,D,2023-10-25,74.95,42.53,68.96,83.22,1392070,,7.47,18.92,32.53,26.06,-5.27,65.42,Win
TRIVENI,RSITTF,D,2023-10-25,358.65,43.04,75.75,74.23,1663989,,-1.48,2.37,1.14,-5.46,-8.27,11.78,Win
IOB,RSITTF,D,2023-10-25,38.90,42.75,65.38,76.90,117566812,,0.51,2.19,1.03,12.08,-5.78,22.11,Loss
COROMANDEL,RSITTF,D,2023-10-25,1118.15,44.12,66.39,74.91,216057,,-6.66,-0.80,0.49,7.58,-8.86,13.72,Loss
CENTRALBK,RSITTF,D,2023-10-25,43.30,41.34,70.79,78.41,41386855,,-0.35,3.58,2.42,13.63,-5.66,22.40,Win
KSB,RSITTF,D,2023-10-26,575.25,44.16,72.09,82.02,236140,,5.84,6.51,15.08,20.64,0.00,23.42,Win
UJJIVANSFB,RSITTF,D,2023-10-26,53.30,44.67,78.22,82.62,22534007,,-0.47,6.94,2.63,8.26,-5.53,18.20,Win
RESPONIND,RSITTF,D,2023-10-26,299.45,40.07,74.18,80.38,115214,,9.70,8.13,8.55,2.57,-0.77,20.14,Win
ESCORTS,RSITTF,D,2023-10-26,3133.55,44.29,74.85,79.12,364803,,-2.51,-1.23,2.83,-5.32,-6.67,5.09,Win
HONDAPOWER,RSITTF,D,2023-10-26,2751.05,44.60,63.11,69.20,17807,,6.97,1.75,-9.17,-13.67,-16.40,9.29,Win
WILLAMAGOR,RSITTF,D,2023-10-26,24.00,42.73,68.14,86.30,11668,,9.17,28.75,30.42,44.17,-1.67,105.83,Win
SAFARI,RSITTF,D,2023-10-26,1945.28,42.57,79.15,90.10,243702,,4.10,7.24,14.76,6.06,-3.27,19.01,Win
CYIENTDLM,RSITTF,D,2023-10-26,643.15,42.96,72.85,100.00,295771,,-0.27,-0.41,0.80,3.70,-4.80,8.19,Win
PRECWIRE,RSITTF,D,2023-10-26,113.25,39.03,65.15,82.78,610343,,5.43,-2.34,2.96,8.17,-2.87,18.76,Win
SBGLP,RSITTF,D,2023-10-26,33.92,40.08,80.42,87.58,184869,,24.50,29.60,38.38,59.49,0.00,81.31,Win
CENTRALBK,RSITTF,D,2023-10-26,43.85,43.23,70.79,78.41,43148324,,0.34,0.91,1.14,11.06,-2.39,20.87,Win
PGHH,RSITTF,D,2023-10-27,17016.75,44.69,63.56,71.79,15845,,2.80,4.67,5.22,1.01,-2.30,13.12,Loss
SESHAPAPER,RSITTF,D,2023-10-27,352.10,44.54,60.24,72.85,77362,,-1.16,-5.96,-7.11,0.62,-8.22,5.89,Loss
NDRAUTO,RSITTF,D,2023-10-27,285.00,44.23,61.83,84.73,2376,,23.12,31.58,28.07,35.45,0.00,53.51,Win
LT,RSITTF,D,2023-10-27,2901.90,41.19,65.83,80.92,2399538,,0.32,4.53,5.25,20.27,-1.58,22.68,Win
DPABHUSHAN,RSITTF,D,2023-10-27,542.65,42.19,63.30,76.13,21104,,11.67,16.23,4.67,15.19,-0.49,29.36,Win
CYIENTDLM,RSITTF,D,2023-10-27,648.80,44.73,64.43,100.00,211387,,-1.80,-2.32,0.79,3.06,-5.63,7.24,Loss
ICICIB22,RSITTF,D,2023-10-27,73.65,44.45,66.61,86.53,226888,,1.15,4.39,6.15,21.82,-2.85,25.87,Win
PRECWIRE,RSITTF,D,2023-10-27,116.75,44.58,61.28,82.78,415242,,3.90,-1.97,-2.40,2.44,-5.78,15.20,Win
TCPLPACK,RSITTF,D,2023-10-27,2044.75,44.85,64.88,80.01,25266,,5.00,5.41,12.06,1.29,-1.32,15.51,Win
SILVERTUC,RSITTF,D,2023-10-27,54.00,40.35,61.85,97.15,40760,,4.07,19.80,19.98,28.70,-1.37,34.26,Win
LT,RSITTF,D,2023-10-30,2926.35,44.73,65.83,80.92,1693052,,1.68,4.29,4.23,21.11,-1.89,21.65,Win
ONEPOINT,RSITTF,D,2023-10-30,32.05,42.29,63.60,83.78,205189,,6.71,17.78,57.88,60.37,-2.03,81.59,Loss
SILVERTUC,RSITTF,D,2023-10-30,54.70,42.31,61.85,97.15,35950,,4.20,23.46,22.50,27.97,-1.63,32.54,Loss
RML,RSITTF,D,2023-10-31,807.95,43.36,62.22,68.67,19244,,-0.37,-1.48,3.10,-0.72,-6.14,8.47,Loss
ONEPOINT,RSITTF,D,2023-11-01,32.35,44.86,63.60,75.47,81228,,14.37,22.10,57.50,57.19,-2.01,106.18,Loss
SILVERTUC,RSITTF,D,2023-11-01,55.50,44.84,61.85,78.38,33610,,3.60,18.38,21.71,25.59,-0.67,30.63,Win
LT,RSITTF,D,2023-11-02,2918.10,44.70,65.83,76.05,1451606,,3.66,4.56,9.34,20.81,-0.45,22.00,Loss
RML,RSITTF,D,2023-11-02,803.90,43.03,62.22,68.67,11867,,-1.15,-0.86,3.62,1.44,-5.67,9.02,Loss
GMDCLTD,RSITTF,D,2023-11-03,327.25,43.89,63.90,83.33,3489731,,15.87,17.94,31.32,32.50,-6.16,53.67,Loss
GMDCLTD,RSITTF,D,2023-11-07,320.00,42.37,63.90,83.33,6162808,,21.45,22.70,35.48,37.19,-0.11,57.16,Win
GIPCL,RSITTF,D,2023-11-08,145.45,43.76,68.98,78.02,1066284,,3.61,9.69,24.96,26.54,-1.34,31.83,Win
GIPCL,RSITTF,D,2023-11-09,145.70,44.05,68.98,78.02,546231,,3.67,10.71,21.59,23.23,-1.51,31.61,Loss
NITIRAJ,RSITTF,D,2023-11-09,117.00,42.56,60.60,75.98,16356,,-5.98,1.45,2.61,7.69,-7.65,13.08,Loss
SIGIND,RSITTF,D,2023-11-23,62.50,44.66,62.14,63.70,18340,,4.88,2.08,2.88,17.60,-7.20,43.04,Win
FIVESTAR,RSITTF,D,2023-11-30,751.15,43.21,64.39,69.15,495437,,0.64,-5.98,-2.16,0.75,-10.67,4.87,Loss
KERNEX,RSITTF,D,2023-12-05,563.95,38.42,62.55,75.26,35331,,4.44,8.12,4.47,17.90,-2.19,27.85,Win
KERNEX,RSITTF,D,2023-12-06,580.00,44.61,62.55,75.26,20280,,2.31,-0.12,1.37,17.23,-4.90,24.31,Loss
KERNEX,RSITTF,D,2023-12-08,572.00,42.61,63.11,75.26,9782,,7.56,2.97,-1.73,18.52,-3.57,26.05,Win
INDRAMEDCO,RSITTF,D,2023-12-12,187.60,40.62,60.52,81.17,100799,,-3.17,-5.78,-5.12,0.21,-11.35,6.02,Loss
JINDALSAW,RSITTF,D,2023-12-14,217.35,44.05,61.88,91.42,2415390,,-4.03,-5.21,12.41,13.89,-7.06,26.52,Win
HIRECT,RSITTF,D,2023-12-14,282.50,44.68,74.76,79.31,50568,,-5.53,-4.73,-0.35,-0.67,-9.37,12.04,Win
JINDALSAW,RSITTF,D,2023-12-15,218.08,44.80,62.03,91.42,1857066,,-2.70,-3.21,18.08,11.59,-7.37,28.04,Loss
GRAVITA,RSITTF,D,2023-12-15,1050.40,44.78,74.09,90.42,68103,,-0.26,3.09,-4.43,-14.22,-19.81,8.23,Win
TI,RSITTF,D,2023-12-19,245.35,42.49,65.30,86.01,958090,,-2.00,0.20,-0.45,-4.08,-10.07,7.40,Loss
VSTTILLERS,RSITTF,D,2023-12-21,3825.00,44.28,64.02,72.87,9042,,-1.24,-6.04,-11.91,-14.47,-21.66,1.70,Win
WELENT,RSITTF,D,2023-12-21,314.10,43.81,70.19,80.24,292723,,3.87,6.21,5.73,11.84,-0.32,21.62,Win
SHARDAMOTR,RSITTF,D,2023-12-21,584.95,43.26,65.49,73.44,187240,,11.68,19.12,20.00,28.07,0.00,34.36,Win
RKFORGE,RSITTF,D,2023-12-21,723.35,44.24,69.26,82.64,287133,,0.32,2.14,6.28,3.17,-5.76,11.43,Win
ALBERTDAVD,RSITTF,D,2023-12-21,935.00,43.79,68.64,75.23,13220,,4.32,12.08,32.21,50.22,0.00,71.97,Win
TSFINV,RSITTF,D,2023-12-21,147.75,43.22,69.87,75.47,97095,,-1.15,13.94,12.22,26.06,-2.17,58.38,Loss
IMFA,RSITTF,D,2023-12-21,485.85,43.29,79.92,69.89,155502,,2.78,4.76,1.76,31.51,-2.93,41.54,Win
RKFORGE,RSITTF,D,2023-12-22,724.40,44.65,62.85,82.64,263498,,-1.75,6.70,5.44,5.06,-5.89,11.26,Win
RKFORGE,RSITTF,D,2023-12-26,724.65,44.75,62.85,82.64,201139,,-2.82,8.22,1.70,4.57,-5.93,11.23,Loss
TSFINV,RSITTF,D,2023-12-26,148.35,44.65,63.19,75.47,126584,,-1.52,18.57,12.30,37.21,-2.56,57.74,Loss
SIMPLEXINF,RSITTF,D,2023-12-27,74.00,40.52,66.95,66.98,77259,,14.59,17.36,5.88,53.45,-4.93,56.49,Win
JINDRILL,RSITTF,D,2023-12-29,736.90,44.08,64.75,88.40,30346,,1.59,5.98,6.59,-9.17,-12.47,10.45,Win
MVGJL,RSITTF,D,2024-01-01,319.05,42.32,71.98,79.88,80117,,2.21,3.42,-1.32,-19.26,-36.53,9.56,Win
MVGJL,RSITTF,D,2024-01-02,322.40,44.74,71.98,79.88,83545,,0.81,0.81,-2.68,-21.22,-37.19,8.42,Win
SUMMITSEC,RSITTF,D,2024-01-03,1264.95,44.42,65.84,72.31,5050,,-1.49,-4.90,8.08,4.87,-8.93,15.02,Win
TIL,RSITTF,D,2024-01-09,370.43,44.71,67.89,74.02,3384,,-2.64,16.42,32.84,55.97,-4.44,56.19,Win
SYRMA,RSITTF,D,2024-01-09,610.25,40.51,61.70,80.17,451037,,1.52,-2.64,-14.08,-13.24,-26.26,3.15,Win
ATLANTAA,RSITTF,D,2024-01-10,22.10,43.90,60.41,67.40,27227,,-2.04,3.62,11.99,-4.07,-16.52,17.42,Loss
SYRMA,RSITTF,D,2024-01-10,610.40,40.59,61.70,80.17,459855,,-0.88,-2.47,-15.03,-14.84,-26.28,3.13,Win
ZENITHEXPO,RSITTF,D,2024-01-11,150.00,44.81,63.44,68.45,3487,,0.33,2.00,23.20,21.07,-3.93,35.50,Win
SYRMA,RSITTF,D,2024-01-11,617.55,44.25,61.70,80.17,636327,,-2.60,-2.76,-17.01,-14.90,-27.13,1.94,Loss
COROMANDEL,RSITTF,D,2024-01-11,1187.95,44.91,70.81,72.55,216607,,-2.97,-4.96,-8.46,-6.18,-13.75,2.63,Loss
TALBROAUTO,RSITTF,D,2024-01-16,288.00,44.85,67.41,87.66,92850,,-7.66,-3.61,0.36,-20.28,-23.54,7.40,Loss
TIL,RSITTF,D,2024-01-17,364.54,42.60,62.17,74.02,3062,,24.20,37.10,29.38,41.72,-1.62,58.72,Win
COHANCE,RSITTF,D,2024-01-18,680.75,44.83,73.61,72.88,202820,,-0.84,-4.14,-1.63,-9.13,-14.04,7.23,Win
ASHOKAMET,RSITTF,D,2024-01-18,25.45,44.17,60.08,90.85,43747,,-1.38,1.38,0.79,-10.61,-25.93,10.02,Win
TIPSFILMS,RSITTF,D,2024-01-18,755.40,44.40,66.11,78.73,2331,,-3.36,2.49,-10.74,-13.03,-18.31,8.68,Win
RSYSTEMS,RSITTF,D,2024-01-18,522.50,44.48,62.29,81.37,58700,,-2.36,-2.55,-10.11,-13.32,-18.47,9.09,Win
CONCORDBIO,RSITTF,D,2024-01-19,1389.85,44.96,68.41,100.00,78404,,-0.30,3.99,1.34,5.77,-2.86,14.96,Win
NESTLEIND,RSITTF,D,2024-01-19,1257.08,43.57,63.88,74.53,1882782,,-0.62,-2.05,-0.04,2.63,-4.18,5.55,Loss
ZENSARTECH,RSITTF,D,2024-01-19,557.85,44.39,61.25,68.97,1027908,,2.29,1.17,-4.48,4.61,-7.68,8.96,Win
NIBL,RSITTF,D,2024-01-24,39.85,44.62,60.27,74.63,17452,,-1.51,-2.13,-12.42,-22.21,-28.11,5.40,Win
GMRAIRPORT,RSITTF,D,2024-01-24,75.70,42.45,74.35,77.58,35773435,,4.49,19.09,15.79,4.49,-3.57,24.64,Win
SPANDANA,RSITTF,D,2024-01-24,1021.31,42.32,69.53,99.54,114195,,-7.44,-10.13,-10.80,-23.45,-26.78,1.13,Loss
JINDALSTEL,RSITTF,D,2024-01-24,706.30,44.72,61.50,67.15,2874944,,5.12,10.00,10.96,16.32,-0.84,23.67,Win
360ONE,RSITTF,D,2024-01-25,630.20,44.48,60.09,77.76,244105,,-4.01,3.82,14.52,5.66,-5.23,25.19,Win
LODHA,RSITTF,D,2024-01-30,1035.40,44.97,64.61,72.75,412872,,7.33,0.69,10.80,10.88,-5.61,23.42,Win
SUMIT,RSITTF,D,2024-01-30,52.90,43.73,63.00,79.20,104746,,6.05,12.29,18.62,-0.85,-4.06,33.18,Loss
ALANKIT,RSITTF,D,2024-02-01,18.95,44.76,67.15,67.24,2235104,,6.07,-3.69,-0.79,-5.28,-19.79,9.76,Win
SUMIT,RSITTF,D,2024-02-01,52.90,44.46,63.00,78.11,105070,,10.21,10.59,13.23,7.94,-4.06,51.80,Win
HONASA,RSITTF,D,2024-02-05,439.25,43.94,65.68,100.00,303090,,-0.20,-0.11,-4.69,-6.57,-18.65,8.12,Loss
TRENT,RSITTF,D,2024-02-06,2023.33,44.81,80.88,88.63,1077582,,26.89,32.65,29.15,31.90,-2.64,39.83,Win
HCL-INSYS,RSITTF,D,2024-02-07,21.25,44.65,65.87,71.11,991476,,-12.47,-14.35,-27.29,-7.06,-34.35,2.59,Loss
ZODIAC,RSITTF,D,2024-02-08,250.60,43.53,66.74,74.22,21338,,10.38,21.81,67.86,63.75,0.00,88.91,Win
BLS,RSITTF,D,2024-02-13,367.30,44.71,72.24,84.57,2453532,,5.13,2.15,-10.52,-8.40,-28.41,8.09,Loss
GUJAPOLLO,RSITTF,D,2024-02-13,281.70,44.96,69.53,68.78,9299,,2.13,-0.32,-8.59,-9.12,-24.97,5.77,Loss
NFL,RSITTF,D,2024-02-13,101.35,43.24,64.21,74.40,5831815,,4.29,-1.73,-7.05,-1.43,-18.40,11.49,Loss
IIFLCAPS,RSITTF,D,2024-02-13,149.15,44.35,70.42,80.60,1471893,,7.84,6.54,-16.43,-6.47,-27.59,12.50,Win
LODHA,RSITTF,D,2024-02-13,1042.55,44.53,65.01,74.10,518413,,7.19,10.04,7.53,14.94,-6.25,22.57,Win
ARVIND,RSITTF,D,2024-02-13,279.65,44.38,75.93,87.07,590307,,6.08,1.41,-8.35,10.60,-14.36,15.75,Win
SUBROS,RSITTF,D,2024-02-13,596.50,43.93,66.10,78.57,154782,,2.49,0.62,-11.89,-2.60,-19.02,6.96,Win
MAXIND,RSITTF,D,2024-02-13,184.68,43.07,67.93,79.24,75411,,-1.72,6.75,9.93,13.99,-8.16,22.76,Loss
KAMATHOTEL,RSITTF,D,2024-02-13,295.80,44.10,61.54,83.07,50257,,4.39,2.52,-12.76,-0.05,-19.52,8.86,Win
MUNJALAU,RSITTF,D,2024-02-13,94.95,42.61,69.53,77.40,306448,,-6.53,-6.90,-16.96,-11.95,-25.07,4.53,Loss
GICHSGFIN,RSITTF,D,2024-02-13,232.60,43.93,61.25,67.99,458036,,3.42,1.87,-8.99,-6.73,-19.54,7.87,Win
TEXRAIL,RSITTF,D,2024-02-13,184.85,43.78,67.08,83.82,3133088,,1.38,5.49,-12.88,-8.11,-23.18,10.63,Win
PNBGILTS,RSITTF,D,2024-02-13,105.05,42.30,63.76,82.72,929456,,2.28,9.57,4.05,6.24,-5.09,20.80,Win
ENGINERSIN,RSITTF,D,2024-02-13,206.45,43.60,66.09,79.94,9993339,,9.45,3.44,2.28,5.76,-15.96,15.23,Win
BALMLAWRIE,RSITTF,D,2024-02-13,243.85,44.16,70.17,82.96,1187831,,6.54,4.41,-7.55,5.52,-17.16,9.02,Win
RAILTEL,RSITTF,D,2024-02-13,366.50,44.73,73.93,89.75,10213124,,6.36,28.23,5.13,3.30,-17.76,34.09,Win
HINDCOPPER,RSITTF,D,2024-02-13,250.80,42.49,68.10,79.26,14133581,,-0.28,0.88,2.11,44.50,-7.89,57.10,Win
CENTEXT,RSITTF,D,2024-02-13,23.95,44.77,61.69,83.63,406768,,1.04,-4.80,-15.66,-13.99,-23.80,12.53,Win
XPROINDIA,RSITTF,D,2024-02-13,1116.60,44.43,60.72,71.01,32560,,5.25,13.33,-3.47,-3.96,-9.19,16.23,Loss
ARVIND,RSITTF,D,2024-02-14,279.95,44.58,75.93,87.07,461768,,3.36,-0.34,-9.34,12.00,-14.45,18.88,Win
SUBROS,RSITTF,D,2024-02-14,600.70,44.90,66.10,78.57,104652,,-0.48,-1.37,-17.55,-7.52,-19.59,6.21,Win
BRNL,RSITTF,D,2024-02-14,69.45,40.84,71.18,83.39,894949,,13.17,5.47,-19.37,-11.45,-22.89,17.85,Win
ATL,RSITTF,D,2024-02-14,60.06,44.65,63.30,100.00,839835,,5.23,-1.18,-18.81,-5.94,-20.38,13.89,Win
JAYBARMARU,RSITTF,D,2024-02-14,124.55,44.03,61.32,69.68,89879,,3.25,1.85,-17.10,-5.50,-18.55,14.33,Loss
BLS,RSITTF,D,2024-02-15,362.80,43.12,72.24,84.57,3216539,,3.64,0.91,-5.42,-7.65,-27.52,9.43,Win
AXISCADES,RSITTF,D,2024-02-15,722.65,38.38,73.51,85.97,128341,,-6.57,-11.54,-25.76,-13.62,-30.82,5.78,Loss
ATL,RSITTF,D,2024-02-15,60.20,44.98,63.30,100.00,660706,,5.13,1.63,-13.41,-8.19,-20.56,13.62,Loss
BLS,RSITTF,D,2024-02-16,363.05,43.27,64.52,84.57,1949143,,2.75,3.14,-2.56,-9.76,-27.57,9.35,Win
SGIL,RSITTF,D,2024-02-20,342.59,44.97,65.72,80.52,20031,,-0.01,-8.00,-9.34,-0.37,-16.55,13.90,Loss
SULA,RSITTF,D,2024-02-20,578.15,43.46,68.04,82.38,2839522,,-5.02,-2.33,-9.36,-3.24,-13.64,1.01,Loss
RAJTV,RSITTF,D,2024-02-21,63.20,42.92,62.24,70.40,2098,,-7.52,-4.91,-19.46,13.69,-23.10,44.94,Loss
RPPINFRA,RSITTF,D,2024-02-22,131.10,40.64,70.98,82.12,314019,,-12.55,-21.82,-13.77,1.91,-25.71,2.97,Loss
GODREJIND,RSITTF,D,2024-02-22,804.50,44.99,65.35,78.42,225652,,-0.44,-0.94,-6.08,5.63,-9.98,23.06,Loss
SHYAMMETL,RSITTF,D,2024-02-22,647.05,43.40,73.07,79.12,538118,,0.44,-2.71,-8.93,0.98,-21.00,7.06,Win
PENIND,RSITTF,D,2024-02-22,139.00,44.89,67.27,82.01,718787,,-3.38,-8.27,-11.29,1.22,-23.45,3.96,Win
IITL,RSITTF,D,2024-02-26,239.50,44.67,63.92,82.54,43814,,-13.36,-6.41,-12.76,-23.63,-30.40,1.84,Loss
IZMO,RSITTF,D,2024-02-27,284.55,44.67,63.19,81.69,55489,,-2.00,-10.07,-8.42,20.65,-16.15,31.08,Win
AMBER,RSITTF,D,2024-02-28,3735.75,43.19,63.06,75.51,100730,,-0.93,-4.85,-2.09,2.97,-19.90,10.68,Loss
UNITECH,RSITTF,D,2024-02-29,13.25,42.95,72.82,76.70,16299760,,-13.58,-26.04,-7.55,-15.09,-39.25,4.15,Loss
HEROMOTOCO,RSITTF,D,2024-02-29,4426.50,42.58,68.20,71.11,1548190,,4.72,5.62,5.74,3.05,-5.84,11.19,Win
JPPOWER,RSITTF,D,2024-02-29,18.20,44.94,66.17,82.62,43575581,,-3.85,-14.29,-7.69,8.24,-21.15,12.64,Win
IREDA,RSITTF,D,2024-02-29,150.05,43.07,76.57,78.58,62619592,,-5.53,-11.83,-4.93,20.89,-19.33,28.09,Win
IFCI,RSITTF,D,2024-02-29,45.90,44.02,65.15,69.13,34456744,,-7.95,-13.94,-9.37,9.04,-22.00,19.93,Loss
KITEX,RSITTF,D,2024-03-01,81.05,44.41,68.89,65.15,401952,,-5.45,-22.11,-20.23,-15.51,-26.65,3.23,Win
SANOFI,RSITTF,D,2024-03-01,8666.05,44.37,80.27,62.93,8588,,-2.27,-10.60,-3.30,-0.48,-13.40,2.13,Win
RVNL,RSITTF,D,2024-03-01,246.20,44.53,66.18,71.82,10474862,,-3.35,-0.26,7.39,15.39,-13.46,20.35,Win
RPGLIFE,RSITTF,D,2024-03-01,1534.40,44.40,68.06,71.83,24797,,-2.45,-4.62,1.37,-4.10,-11.37,5.45,Win
UNITECH,RSITTF,D,2024-03-02,13.25,43.29,65.43,76.70,4514092,,-13.96,-32.83,1.51,-21.13,-39.25,3.77,Loss
MAXHEALTH,RSITTF,D,2024-03-02,770.35,42.88,60.30,80.09,389814,,-0.62,-5.18,6.34,7.92,-6.61,16.15,Loss
IFCI,RSITTF,D,2024-03-02,45.75,43.93,63.56,69.13,1960645,,-12.90,-15.63,0.11,15.74,-21.75,20.33,Loss
SANOFI,RSITTF,D,2024-03-05,8650.80,44.25,65.60,62.93,9183,,-7.19,-10.89,-0.97,-4.68,-13.25,2.31,Loss
MACPOWER,RSITTF,D,2024-03-05,853.10,40.84,68.21,79.09,8775,,2.22,18.81,41.84,52.05,-2.00,77.02,Loss
IFCI,RSITTF,D,2024-03-05,44.45,42.22,63.56,69.13,10543233,,-15.30,-14.96,5.85,17.89,-19.46,23.85,Loss
RATNAVEER,RSITTF,D,2024-03-06,128.20,43.29,62.19,76.48,715416,,-9.91,-7.68,0.66,-2.93,-14.55,14.20,Loss
ITIETF,RSITTF,D,2024-03-06,39.10,44.66,71.12,65.97,776281,,1.74,-2.40,-5.01,-10.05,-11.84,3.32,Loss
MEDANTA,RSITTF,D,2024-03-06,1254.50,44.21,71.05,96.76,766112,,-9.41,-1.91,10.19,11.41,-15.40,20.45,Win
INOXWIND,RSITTF,D,2024-03-07,129.06,44.63,66.33,87.03,13664076,,-10.49,-8.17,6.75,3.64,-18.23,26.59,Loss
ABBOTINDIA,RSITTF,D,2024-03-07,27434.95,44.40,62.72,71.02,4563,,3.53,-1.34,-3.70,-3.88,-8.15,4.98,Loss
VLSFINANCE,RSITTF,D,2024-03-07,258.65,42.55,62.16,69.23,47989,,-7.71,-5.55,-0.44,-2.96,-11.50,7.83,Loss
MACPOWER,RSITTF,D,2024-03-07,855.00,43.04,66.48,79.09,8142,,2.43,26.95,36.61,54.98,-0.58,76.63,Win
HCC,RSITTF,D,2024-03-07,31.47,44.21,60.28,73.10,10521232,,-6.93,-9.31,1.24,-8.64,-22.50,6.32,Loss
MEDANTA,RSITTF,D,2024-03-07,1254.95,44.27,65.12,96.76,411701,,-10.68,2.04,11.12,12.52,-15.43,20.40,Loss
POWERMECH,RSITTF,D,2024-03-07,2483.13,43.24,63.11,74.95,75606,,-4.65,-4.06,4.14,-4.11,-11.30,10.40,Loss
ARVSMART,RSITTF,D,2024-03-12,548.15,42.37,71.45,83.39,120886,,5.61,27.07,20.97,25.76,-4.21,39.38,Win
ARVSMART,RSITTF,D,2024-03-13,554.80,44.50,71.45,83.39,173422,,9.06,25.78,18.44,27.10,-1.36,37.71,Win
GRPLTD,RSITTF,D,2024-03-13,1376.35,44.23,67.83,92.00,4000,,14.47,18.34,20.35,49.40,-0.12,78.01,Win
KIRLOSENG,RSITTF,D,2024-03-14,789.90,40.43,68.72,92.07,373382,,8.29,12.40,13.29,52.44,-1.25,74.58,Win
DLF,RSITTF,D,2024-03-14,840.65,42.08,84.42,86.51,5915623,,2.03,12.80,4.16,0.10,-4.21,15.10,Loss
BFUTILITIE,RSITTF,D,2024-03-14,733.70,43.98,66.95,74.62,456385,,-0.57,11.50,6.04,24.93,-6.51,38.34,Loss
COMMOIETF,RSITTF,D,2024-03-14,80.94,42.86,87.47,77.68,165530,,1.00,5.30,6.60,8.70,-1.95,13.91,Win
ARIES,RSITTF,D,2024-03-14,258.35,44.56,66.96,73.45,249865,,-1.68,1.06,0.37,-7.28,-9.91,15.33,Loss
ORCHPHARMA,RSITTF,D,2024-03-14,988.50,41.37,72.34,83.91,111517,,7.40,10.55,8.37,10.62,-7.61,23.42,Loss
SIGNATURE,RSITTF,D,2024-03-14,1258.80,44.13,90.89,100.00,761634,,5.31,5.33,2.20,0.42,-6.26,9.25,Loss
MOHEALTH,RSITTF,D,2024-03-14,34.62,44.93,72.72,83.75,14281,,-0.43,3.03,1.62,2.98,-3.15,8.72,Loss
GULFOILLUB,RSITTF,D,2024-03-14,896.80,43.67,90.67,80.81,336703,,5.65,7.04,9.72,3.47,-4.57,24.89,Win
AHLUCONT,RSITTF,D,2024-03-14,1031.95,44.12,74.11,81.76,109018,,0.18,0.34,3.86,15.56,-4.35,25.01,Win
GPPL,RSITTF,D,2024-03-14,184.40,44.72,75.74,81.56,7577198,,7.67,21.45,11.14,11.33,-3.23,22.21,Win
MOVALUE,RSITTF,D,2024-03-14,89.94,44.18,79.94,81.53,240467,,-0.64,2.81,5.57,10.47,-4.93,17.91,Win
CPSEETF,RSITTF,D,2024-03-14,77.46,43.66,95.86,94.26,6011279,,1.20,5.05,9.15,13.25,-4.84,21.35,Loss
POWERGRID,RSITTF,D,2024-03-14,266.35,41.27,84.63,83.21,26005940,,2.78,5.18,2.97,17.33,-3.27,23.05,Loss
PSUBNKIETF,RSITTF,D,2024-03-14,68.10,44.96,85.16,86.46,316851,,0.75,4.82,2.95,4.68,-3.27,15.57,Loss
PETRONET,RSITTF,D,2024-03-14,266.65,43.59,75.63,62.73,5600085,,-3.00,-0.47,15.51,17.06,-3.88,21.19,Loss
NILAINFRA,RSITTF,D,2024-03-14,11.70,44.86,70.69,73.55,911599,,-8.12,-3.42,-5.98,-1.28,-14.10,11.11,Loss
VASWANI,RSITTF,D,2024-03-14,38.50,43.96,65.02,81.70,262587,,-14.03,-9.87,-6.62,-6.23,-20.52,3.12,Loss
COALINDIA,RSITTF,D,2024-03-14,427.70,44.60,74.45,85.89,20478918,,1.02,3.36,5.96,9.49,-6.20,18.62,Loss
LAL,RSITTF,D,2024-03-14,24.83,39.49,66.91,90.32,189240,,10.35,9.75,12.57,2.70,-15.63,19.01,Loss
ENIL,RSITTF,D,2024-03-14,275.20,40.86,74.44,79.72,238017,,1.13,0.85,-2.54,-13.81,-15.86,8.52,Win
CREST,RSITTF,D,2024-03-15,410.55,43.64,61.17,86.10,26223,,-3.62,-1.01,-6.15,-6.45,-12.67,4.34,Win
CARERATING,RSITTF,D,2024-03-15,1082.20,41.03,60.32,83.77,40906,,4.18,7.33,1.53,0.73,-1.74,14.12,Win
GULFOILLUB,RSITTF,D,2024-03-15,899.35,44.06,65.88,80.81,166734,,4.93,11.32,9.69,3.77,-4.84,24.53,Win
ENIL,RSITTF,D,2024-03-15,278.25,42.10,60.72,79.72,142908,,1.62,-0.14,-5.82,-13.91,-16.78,7.33,Loss
21STCENMGM,RSITTF,D,2024-03-18,44.45,39.80,66.69,69.07,13289,,-5.74,1.01,19.80,-2.02,-9.11,23.73,Loss
DLF,RSITTF,D,2024-03-18,836.25,42.41,63.61,86.51,2709444,,4.44,8.17,2.32,1.81,-3.70,15.71,Loss
CREST,RSITTF,D,2024-03-18,411.95,44.22,61.17,86.10,13473,,-5.43,-1.31,-7.82,-3.99,-12.96,3.98,Loss
COMMOIETF,RSITTF,D,2024-03-18,81.15,44.79,65.71,77.68,20789,,2.03,6.56,5.74,9.78,-2.16,14.44,Win
SIGNATURE,RSITTF,D,2024-03-18,1250.45,44.13,70.02,100.00,407899,,3.45,5.01,-0.07,4.38,-3.85,9.98,Loss
MOMENTUM,RSITTF,D,2024-03-18,29.98,44.77,66.83,84.84,91220,,2.30,6.10,3.44,14.28,-3.00,21.08,Win
CPSEETF,RSITTF,D,2024-03-18,76.54,41.64,68.51,94.26,4641181,,3.07,8.79,8.78,16.72,-2.26,24.12,Loss
INFRAIETF,RSITTF,D,2024-03-20,81.34,44.16,72.53,83.67,57795,,4.48,5.25,6.01,9.31,-0.43,12.48,Win
PSUBNKBEES,RSITTF,D,2024-03-20,74.09,42.21,66.28,80.96,1591841,,4.66,9.42,7.03,8.99,0.00,15.13,Win
PSUBANK,RSITTF,D,2024-03-20,66.60,42.98,65.51,80.75,943820,,3.98,9.08,6.37,8.62,0.00,34.68,Win
HEALTHY,RSITTF,D,2024-03-20,11.83,41.76,73.61,77.73,125931,,3.47,4.56,0.51,4.82,-9.81,6.76,Win
PSUBNKIETF,RSITTF,D,2024-03-20,67.17,42.12,66.69,86.46,190234,,4.93,9.04,7.01,8.95,0.00,17.17,Win
NEXT50BETA,RSITTF,D,2024-03-20,60.92,42.82,70.68,73.70,28890,,5.55,9.36,9.44,19.01,0.00,23.11,Win
NITCO,RSITTF,D,2024-03-21,57.05,42.63,73.37,84.01,401566,,7.98,8.15,14.99,33.74,-7.98,43.73,Win
JSWHL,RSITTF,D,2024-03-21,6209.90,44.72,67.34,67.89,74271,,16.35,14.67,10.25,9.06,-3.14,20.63,Win
RHL,RSITTF,D,2024-03-27,188.00,42.40,61.00,89.29,2100,,-11.41,-22.15,-10.90,-1.04,-29.52,7.07,Win
AHLUCONT,RSITTF,D,2024-03-28,1021.40,43.70,61.56,81.76,49308,,5.61,4.90,9.43,33.26,-0.14,35.99,Win
ZYDUSLIFE,RSITTF,D,2024-04-16,944.85,43.81,77.47,81.46,2235559,,-1.20,4.57,6.79,15.42,-3.35,24.09,Loss
LT,RSITTF,D,2024-04-18,3550.95,41.81,64.27,83.96,3273257,,2.85,-1.44,-2.82,3.85,-10.59,10.39,Loss
PVP,RSITTF,D,2024-04-22,32.10,43.00,60.08,90.44,726863,,1.56,-10.28,-11.53,-15.14,-34.27,5.61,Loss
LGHL,RSITTF,D,2024-04-22,112.08,44.75,65.02,100.00,2270,,3.35,1.49,15.11,35.84,-7.43,47.46,Loss
BOSCHLTD,RSITTF,D,2024-04-23,29277.40,44.59,77.56,86.01,51227,,0.27,2.63,5.66,10.17,-6.07,25.28,Loss
LGHL,RSITTF,D,2024-04-26,110.42,43.56,65.00,100.00,2150,,-1.89,6.41,29.33,28.60,-1.89,49.67,Win
BHAGCHEM,RSITTF,D,2024-05-08,174.60,44.67,67.40,68.46,57208,,0.57,3.52,27.38,47.24,-3.38,63.23,Loss
ELECTCAST,RSITTF,D,2024-05-08,180.05,43.09,72.56,84.44,1105745,,-5.92,-6.14,-13.02,2.36,-25.02,10.36,Loss
VOLTAS,RSITTF,D,2024-05-10,1287.55,44.47,62.57,76.52,3013310,,0.06,6.52,12.73,13.37,-3.73,21.16,Win
TATAPOWER,RSITTF,D,2024-05-10,414.85,42.40,60.37,80.83,19951523,,5.17,7.80,6.92,4.48,-10.41,10.88,Loss
AJMERA,RSITTF,D,2024-05-14,154.05,44.43,69.85,81.98,198355,,-3.92,-12.18,-7.61,-2.31,-27.86,3.21,Loss
SOTL,RSITTF,D,2024-05-14,512.00,43.64,71.51,76.39,259334,,-1.01,-3.00,2.00,21.93,-12.70,27.93,Loss
TORNTPOWER,RSITTF,D,2024-05-14,1359.80,43.13,60.67,87.28,629983,,4.21,5.47,16.27,13.64,-4.76,24.06,Win
ICIL,RSITTF,D,2024-05-14,359.15,42.92,63.22,71.64,148095,,10.05,-1.42,0.96,11.99,-14.28,25.48,Loss
TORNTPOWER,RSITTF,D,2024-05-15,1365.80,44.05,60.67,87.28,971912,,1.17,6.62,17.81,12.03,-5.18,23.52,Loss
LAGNAM,RSITTF,D,2024-05-17,135.20,44.97,67.42,80.11,34168,,1.92,-3.07,3.39,9.89,-8.10,30.00,Win
NUVAMA,RSITTF,D,2024-05-17,955.67,40.56,69.67,99.46,492084,,-0.34,1.29,6.06,0.44,-13.78,11.96,Win
AJMERA,RSITTF,D,2024-05-18,154.11,44.97,67.24,81.98,91405,,-9.86,-12.56,-7.64,-3.99,-27.89,1.47,Loss
SOTL,RSITTF,D,2024-05-24,509.05,44.43,60.27,76.39,263546,,-1.77,-0.83,4.87,13.43,-12.19,28.67,Loss
BIGBLOC,RSITTF,D,2024-05-29,115.23,44.58,64.17,67.01,155038,,-6.75,3.19,-0.79,18.95,-15.91,27.85,Loss
HINDCOPPER,RSITTF,D,2024-05-31,355.90,44.19,64.62,75.27,16814960,,-4.38,-5.34,-9.47,-10.56,-21.92,5.93,Win
CONCOR,RSITTF,D,2024-06-05,794.60,44.72,64.11,70.11,12157148,,14.91,10.34,3.96,3.71,-2.46,16.12,Win
TRF,RSITTF,D,2024-06-05,551.55,44.32,66.42,77.80,22639,,15.68,8.01,-3.73,-2.35,-14.79,18.03,Win
VEEDOL,RSITTF,D,2024-06-05,1741.20,44.06,60.60,64.18,41839,,8.77,10.96,35.45,49.06,0.00,59.88,Win
INGERRAND,RSITTF,D,2024-06-05,4160.20,42.99,64.22,84.43,68382,,11.62,13.20,9.30,3.12,-6.18,19.71,Win
LIKHITHA,RSITTF,D,2024-06-05,324.60,43.68,62.17,63.42,402955,,34.70,32.99,40.16,33.93,0.00,53.25,Win
ANANTRAJ,RSITTF,D,2024-06-05,355.10,44.98,71.59,82.77,1671712,,18.49,23.85,38.16,46.86,0.00,59.11,Win
GEOJITFSL,RSITTF,D,2024-06-05,83.15,43.80,63.13,65.40,1306040,,11.88,17.02,6.69,19.98,0.00,35.90,Win
PRICOLLTD,RSITTF,D,2024-06-05,423.10,43.64,62.39,82.58,468110,,6.83,15.85,15.87,22.24,0.00,28.22,Win
VOLTAMP,RSITTF,D,2024-06-05,10366.40,44.53,71.55,87.47,29879,,3.27,9.64,24.82,31.45,-0.63,40.52,Loss
NITCO,RSITTF,D,2024-06-06,68.30,41.77,65.00,75.97,62232,,11.95,20.97,12.50,14.41,0.00,30.16,Win
PRICOLLTD,RSITTF,D,2024-06-06,424.95,44.88,62.39,82.58,482616,,7.34,16.83,16.87,13.83,0.00,27.66,Win
TIJARIA,RSITTF,D,2024-06-12,22.12,40.90,69.66,86.64,380980,,-14.60,-23.15,-26.81,-33.09,-39.33,10.22,Win
MANAKCOAT,RSITTF,D,2024-06-27,60.30,44.88,70.67,75.53,51348,,1.89,-0.50,6.68,4.69,-5.47,12.77,Win
OBEROIRLTY,RSITTF,D,2024-06-28,1765.75,44.70,62.51,80.67,587657,,1.09,-3.85,1.59,-2.13,-6.90,6.41,Loss
DJML,RSITTF,D,2024-07-02,107.58,43.45,71.47,77.87,50052,,8.13,4.57,-3.21,4.90,-7.98,18.05,Win
IIFLCAPS,RSITTF,D,2024-07-09,194.85,44.65,66.41,74.29,1148736,,-2.47,-2.79,6.10,73.49,-8.36,78.60,Loss
IIFLCAPS,RSITTF,D,2024-07-11,191.79,43.45,66.41,74.29,507301,,-3.63,0.76,8.97,56.55,-6.90,81.45,Loss
M&M,RSITTF,D,2024-07-12,2703.95,43.92,67.75,86.15,3398732,,3.73,8.47,0.51,-0.52,-2.89,10.19,Win
ESCORTS,RSITTF,D,2024-07-15,3978.05,44.79,62.61,80.31,645076,,3.59,4.50,-6.89,-5.44,-8.98,6.45,Win
BAJEL,RSITTF,D,2024-07-18,282.40,44.74,65.13,84.81,494245,,3.97,1.15,-4.37,-7.86,-17.49,8.48,Loss
STEL,RSITTF,D,2024-07-18,417.00,44.68,63.61,81.40,4756,,5.68,4.40,12.43,28.66,-2.49,39.71,Win
KRISHNADEF,RSITTF,D,2024-07-22,786.35,44.01,62.08,96.19,23000,,1.75,-11.16,-25.15,-7.38,-26.24,5.55,Loss
ICEMAKE,RSITTF,D,2024-07-22,761.90,42.54,60.66,79.10,37627,,6.55,15.87,-5.20,-11.79,-16.26,25.99,Win
TRENT,RSITTF,D,2024-07-22,3473.47,42.98,68.18,95.67,946890,,5.90,2.62,30.40,42.10,-4.89,47.44,Win
HONAUT,RSITTF,D,2024-07-22,54096.65,43.30,62.55,71.14,4493,,-0.20,-1.85,-3.84,-7.64,-9.74,4.90,Loss
DIXON,RSITTF,D,2024-07-22,11353.45,44.85,70.72,83.85,587418,,2.42,-1.87,11.65,24.11,-6.46,27.70,Loss
ASAL,RSITTF,D,2024-07-22,951.50,44.82,62.92,80.21,77325,,5.90,2.06,-12.23,-16.86,-19.58,12.44,Loss
MOMENTUM,RSITTF,D,2024-07-22,35.64,44.02,63.50,90.03,165594,,3.51,-1.01,2.55,3.90,-4.74,6.65,Win
BDL,RSITTF,D,2024-07-22,1493.75,43.48,61.72,90.43,3148425,,-1.63,-10.22,-12.36,-20.08,-26.63,2.29,Loss
CHOICEIN,RSITTF,D,2024-07-23,373.00,44.16,74.79,94.14,529081,,8.75,2.71,14.53,24.48,0.00,27.88,Win
CROWN,RSITTF,D,2024-07-24,260.55,44.31,63.05,98.48,20850,,12.86,3.55,-0.92,-10.17,-17.62,16.31,Win
DIXON,RSITTF,D,2024-07-24,10987.65,40.36,70.72,83.85,420853,,10.18,5.64,17.04,25.13,-2.24,31.95,Loss
PREMEXPLN,RSITTF,D,2024-07-24,650.35,43.64,60.14,91.78,169172,,1.65,-6.83,-11.35,-17.96,-19.80,11.83,Win
MOREALTY,RSITTF,D,2024-07-24,107.64,43.72,72.78,100.00,142850,,2.07,-5.04,-2.53,-0.97,-8.21,5.69,Loss
GVT&D,RSITTF,D,2024-07-24,1464.05,41.16,65.01,90.19,94396,,8.26,20.12,11.85,9.75,-3.69,29.09,Win
RELIANCE,RSITTF,D,2024-07-24,1495.70,42.15,62.91,70.84,11913362,,0.65,-2.06,0.16,-1.74,-4.18,2.94,Loss
JYOTICNC,RSITTF,D,2024-07-24,1136.70,43.08,68.14,100.00,211830,,0.35,-2.21,7.53,1.61,-8.11,14.81,Loss
TEJASNET,RSITTF,D,2024-07-24,1313.90,44.07,75.74,76.92,643293,,-5.59,-1.78,-0.56,-5.72,-15.82,4.19,Loss
BEL,RSITTF,D,2024-07-25,301.45,43.90,67.03,94.60,27820556,,3.22,-1.06,1.51,-7.99,-11.39,8.33,Win
ZENITHEXPO,RSITTF,D,2024-07-25,308.55,39.23,61.59,82.09,3879,,-13.06,-16.29,-13.47,-10.29,-24.32,0.13,Loss
EXIDEIND,RSITTF,D,2024-07-25,539.90,44.18,73.61,88.09,2209120,,-5.03,-9.96,-7.50,-13.63,-15.90,3.72,Win
KRISHNADEF,RSITTF,D,2024-07-26,762.90,43.31,60.49,96.19,44500,,-3.61,-8.91,-7.07,-5.62,-23.97,8.80,Win
BANKNIFTY1,RSITTF,D,2024-07-26,52.60,44.95,62.77,71.43,1071430,,0.08,-1.58,-0.17,5.59,-3.12,6.65,Win
BANKBETF,RSITTF,D,2024-07-26,51.48,44.66,63.25,99.70,262866,,0.43,-1.03,0.10,5.57,-19.37,20.69,Win
BANKBETA,RSITTF,D,2024-07-26,52.26,43.18,61.99,71.94,672470,,0.44,-1.28,0.29,6.14,-3.50,7.08,Loss
HDFCPVTBAN,RSITTF,D,2024-07-26,25.71,41.16,62.05,95.25,517410,,0.82,-1.13,0.89,6.57,-2.37,7.47,Loss
BNKETFAXIS,RSITTF,D,2024-07-26,523.40,44.61,62.50,71.29,81480,,0.40,-1.68,-0.31,5.64,-3.11,8.23,Loss
BANKIETF,RSITTF,D,2024-07-26,51.94,43.12,62.70,72.29,5341254,,0.23,-1.17,0.15,6.05,-5.56,8.68,Loss
SETFNIFBK,RSITTF,D,2024-07-26,520.73,44.51,63.22,72.44,126851,,0.12,-1.55,-0.09,5.62,-4.32,6.28,Win
SBIETFPB,RSITTF,D,2024-07-26,258.60,43.82,60.65,69.15,15830,,0.45,-1.47,0.34,6.60,-3.42,7.19,Loss
BANKADD,RSITTF,D,2024-07-26,51.99,44.87,62.76,75.98,76735,,0.13,-1.52,-0.06,5.27,-3.75,7.17,Loss
PHOENIXLTD,RSITTF,D,2024-07-26,1768.13,42.70,60.75,90.67,634448,,-1.81,-4.90,2.16,2.05,-11.86,11.30,Win
NPBET,RSITTF,D,2024-07-26,262.12,44.96,61.06,69.11,1912,,0.34,-1.58,0.22,6.28,-3.01,9.37,Loss
BANKBEES,RSITTF,D,2024-07-26,525.30,44.46,62.93,72.09,783884,,0.34,-1.58,-0.15,5.95,-2.97,6.37,Win
HECPROJECT,RSITTF,D,2024-07-31,111.80,43.77,60.22,75.56,7836,,-5.94,-7.96,-8.98,-6.63,-15.71,5.55,Win
NSIL,RSITTF,D,2024-08-06,4168.10,43.98,66.90,77.37,4520,,0.78,12.09,9.97,20.21,-0.19,22.96,Win
IDFNIFTYET,RSITTF,D,2024-08-06,260.05,41.97,77.24,73.68,1015,,0.82,3.75,5.02,12.32,-1.96,14.92,Win
GRASIM,RSITTF,D,2024-08-06,2620.50,38.60,63.12,78.93,813893,,-3.86,2.46,5.23,5.56,-4.41,8.11,Win
MAHSCOOTER,RSITTF,D,2024-08-06,8802.30,40.78,64.96,78.22,3438,,3.92,6.12,12.58,31.71,-0.48,45.28,Win
ZENSARTECH,RSITTF,D,2024-08-06,734.65,44.61,63.68,75.68,1154781,,1.85,8.97,7.60,-9.16,-10.22,12.27,Win
SALZERELEC,RSITTF,D,2024-08-06,854.35,44.22,62.93,78.37,221752,,17.34,24.60,24.28,6.44,0.00,33.78,Win
FACT,RSITTF,D,2024-08-06,936.60,41.75,60.98,72.75,282489,,2.60,1.72,6.74,1.50,-10.48,13.62,Win
ESSARSHPNG,RSITTF,D,2024-08-06,48.88,40.28,60.51,80.78,595147,,-8.18,5.14,-10.17,-14.55,-21.58,5.20,Loss
EIHAHOTELS,RSITTF,D,2024-08-07,440.90,42.46,67.30,80.40,189954,,-2.99,-4.11,-9.42,-8.10,-17.75,23.37,Loss
KICL,RSITTF,D,2024-08-07,5733.35,42.27,69.10,84.02,733,,-5.08,5.44,4.75,6.01,-6.25,18.60,Loss
AADHARHFC,RSITTF,D,2024-08-07,412.70,43.70,71.19,100.00,451245,,-6.59,-1.27,5.08,5.52,-8.87,25.22,Win
SHARDAMOTR,RSITTF,D,2024-08-07,1139.08,43.75,73.77,88.87,42956,,11.37,19.70,16.49,0.24,-11.68,25.69,Loss
ABSLAMC,RSITTF,D,2024-08-07,650.15,43.30,69.92,66.82,767704,,9.07,15.20,14.80,10.24,-0.73,19.20,Win
ZUARIIND,RSITTF,D,2024-08-07,358.25,43.72,60.73,74.01,75758,,-9.21,-0.98,4.45,-4.19,-10.68,13.69,Loss
JPOLYINVST,RSITTF,D,2024-08-07,826.20,44.39,63.59,70.08,13677,,-4.02,3.99,0.24,-6.86,-12.04,10.63,Loss
PDMJEPAPER,RSITTF,D,2024-08-07,113.73,44.35,77.45,79.03,215699,,-3.98,2.03,6.47,-3.32,-9.84,16.06,Loss
GRASIM,RSITTF,D,2024-08-07,2637.05,40.94,63.12,78.93,551368,,-4.73,4.48,3.96,4.10,-5.01,7.43,Loss
ATULAUTO,RSITTF,D,2024-08-07,666.60,44.92,61.88,73.59,46300,,-4.14,-3.57,5.99,-2.24,-10.74,8.61,Win
MAHSCOOTER,RSITTF,D,2024-08-07,8858.50,43.29,64.96,78.22,3219,,3.00,5.60,11.92,27.67,-0.08,44.36,Win
SURANAT&P,RSITTF,D,2024-08-07,23.26,43.95,66.51,73.58,187930,,-8.08,-6.15,-7.31,-4.34,-13.80,11.78,Win
PRAJIND,RSITTF,D,2024-08-07,673.05,44.63,65.18,67.05,337319,,4.11,15.76,12.32,13.10,-1.55,22.83,Loss
COCHINSHIP,RSITTF,D,2024-08-07,2349.35,43.72,75.27,95.14,5619905,,-5.70,-11.89,-18.61,-29.96,-35.94,6.03,Loss
OFSS,RSITTF,D,2024-08-07,10038.60,42.79,70.09,81.67,136542,,5.91,10.63,12.24,9.09,-0.78,25.70,Win
PARADEEP,RSITTF,D,2024-08-07,82.00,44.54,64.73,70.65,4428517,,2.49,8.87,4.61,2.80,-3.89,13.11,Win
RANEHOLDIN,RSITTF,D,2024-08-07,1526.65,40.72,67.04,71.99,7687,,13.68,26.42,46.68,27.45,-0.62,61.05,Win
MANAPPURAM,RSITTF,D,2024-08-07,200.42,44.29,60.50,62.77,5428856,,0.54,8.17,4.90,-5.55,-9.64,10.86,Loss
KECL,RSITTF,D,2024-08-08,208.67,44.92,67.44,78.29,1543617,,2.55,1.30,-6.96,-13.77,-16.04,6.87,Win
EXICOM,RSITTF,D,2024-08-08,391.52,43.77,67.25,97.21,622650,,-3.11,-1.35,-14.32,-26.63,-27.75,4.99,Win
OFSS,RSITTF,D,2024-08-08,10061.35,43.33,70.09,81.67,236879,,8.32,8.65,7.82,8.78,0.00,25.42,Win
RANEHOLDIN,RSITTF,D,2024-08-08,1535.00,41.79,67.04,71.99,6191,,12.57,25.42,51.68,22.92,0.00,60.18,Win
SOMICONVEY,RSITTF,D,2024-08-08,178.50,43.26,60.20,80.07,9964,,3.59,8.18,2.61,-18.71,-19.88,13.17,Win
SIGNATURE,RSITTF,D,2024-08-09,1414.85,44.91,61.61,90.86,468035,,9.42,4.82,3.07,8.30,-1.94,16.41,Win
PDMJEPAPER,RSITTF,D,2024-08-09,112.61,43.88,64.14,79.03,152726,,4.54,8.44,7.33,-1.89,-8.94,17.22,Loss
PRAJIND,RSITTF,D,2024-08-09,672.05,44.69,61.05,67.05,285710,,11.93,12.07,7.19,11.42,-1.41,23.01,Win
ARE&M,RSITTF,D,2024-08-09,1505.80,44.90,62.64,80.61,635744,,3.35,0.60,-6.27,-11.22,-13.87,8.84,Win
KICL,RSITTF,D,2024-08-12,5679.25,41.81,60.76,84.02,944,,0.66,4.56,4.90,7.92,-5.35,21.46,Loss
UNIVCABLES,RSITTF,D,2024-08-12,767.80,44.37,60.70,87.35,111924,,-9.48,-7.50,-12.75,-14.76,-22.11,4.19,Loss
SUNDRMFAST,RSITTF,D,2024-08-13,1347.55,43.83,61.28,71.35,73603,,0.03,1.03,2.13,7.46,-2.19,11.13,Win
RAYMOND,RSITTF,D,2024-08-16,620.83,44.50,67.15,83.75,564224,,11.49,7.33,-0.24,-8.97,-15.26,17.96,Win
LLOYDSENGG,RSITTF,D,2024-08-16,67.77,43.17,60.08,77.86,3908136,,4.53,5.21,0.83,3.88,-7.84,10.27,Win
BLUECHIP,RSITTF,D,2024-08-22,4.94,36.95,64.34,81.48,412571,,9.92,16.19,19.43,43.12,0.00,57.49,Win
BLUECHIP,RSITTF,D,2024-08-23,5.03,40.81,62.16,81.48,106064,,9.94,11.73,19.48,43.34,0.00,57.65,Win
BLUECHIP,RSITTF,D,2024-08-26,5.13,44.85,62.16,81.48,170419,,9.94,7.21,19.49,43.27,0.00,57.50,Win
GLOBALVECT,RSITTF,D,2024-08-27,245.70,42.84,60.18,83.35,12513,,10.38,29.08,21.67,14.16,0.00,40.62,Win
MANOMAY,RSITTF,D,2024-08-30,262.45,43.21,62.93,77.56,44382,,-6.02,-14.84,-15.26,-28.37,-30.65,2.10,Loss
FEDERALBNK,RSITTF,D,2024-09-02,194.72,44.79,65.72,75.64,7256241,,-5.00,-5.15,1.01,3.07,-6.67,6.61,Loss
KRITI,RSITTF,D,2024-09-03,216.79,44.43,66.20,70.34,22623,,-2.07,19.57,9.68,-10.56,-19.28,24.54,Loss
HUHTAMAKI,RSITTF,D,2024-09-04,399.25,43.54,61.97,71.31,218435,,-3.16,-4.65,-4.60,-28.59,-32.22,3.19,Loss
MANOMAY,RSITTF,D,2024-09-04,256.50,43.22,62.93,69.56,59089,,-12.87,-7.02,-12.59,-26.63,-29.04,4.46,Win
CPCAP,RSITTF,D,2024-09-05,485.65,44.48,71.08,82.04,15045,,-0.19,0.68,1.13,2.97,-4.85,9.13,Loss
CPCAP,RSITTF,D,2024-09-09,477.85,42.05,61.65,82.04,5813,,4.81,2.28,0.94,5.89,-1.64,11.95,Loss
OIL,RSITTF,D,2024-09-09,634.05,44.17,62.92,95.35,8052402,,-4.17,-8.20,-10.80,-21.84,-27.60,1.73,Loss
HPL,RSITTF,D,2024-09-10,582.70,41.98,62.22,93.41,133163,,-1.29,-0.45,-4.28,-8.33,-25.18,6.89,Loss
EMSLIMITED,RSITTF,D,2024-09-16,793.35,44.63,66.28,84.07,211654,,0.97,-4.49,0.51,-3.82,-8.62,12.43,Loss
ZOTA,RSITTF,D,2024-09-18,641.70,43.41,63.05,73.67,20799,,-0.98,-4.00,-3.53,-11.97,-16.63,4.72,Loss
HINDPETRO,RSITTF,D,2024-09-20,398.75,44.33,60.80,77.24,9159103,,9.83,-1.28,4.11,-9.18,-11.00,12.09,Win
INSECTICID,RSITTF,D,2024-09-25,889.50,44.90,65.35,71.21,23278,,-4.37,-8.75,-10.07,-17.53,-22.65,2.59,Loss
ASKAUTOLTD,RSITTF,D,2024-10-01,436.45,43.30,67.07,77.69,387273,,-7.03,-2.21,-0.73,4.24,-12.27,8.35,Loss
GILLETTE,RSITTF,D,2024-10-01,8508.70,42.15,63.50,75.68,31758,,5.73,7.11,14.67,15.33,-4.92,25.74,Loss
ANIKINDS,RSITTF,D,2024-10-03,76.55,40.94,63.81,70.80,11113,,-2.68,3.27,16.76,42.09,-5.66,47.81,Loss
JGCHEM,RSITTF,D,2024-10-04,381.90,44.18,66.62,84.55,227322,,6.45,6.81,-6.49,15.07,-15.21,26.87,Loss
GILLETTE,RSITTF,D,2024-10-04,8527.95,44.38,63.99,75.68,28147,,5.81,2.94,16.81,15.05,-5.14,25.46,Win
EQUAL50ADD,RSITTF,D,2024-10-08,331.30,42.34,65.95,87.40,74290,,0.27,-3.22,-4.69,-5.02,-9.75,1.41,Loss
NIFTY1,RSITTF,D,2024-10-08,272.07,42.17,62.02,81.92,75059,,0.19,-1.71,-3.17,-1.51,-6.92,0.94,Loss
SBIETFQLTY,RSITTF,D,2024-10-08,243.35,44.84,74.90,88.60,2343,,0.51,-4.08,-6.85,-4.94,-10.36,1.91,Loss
BIKAJI,RSITTF,D,2024-10-08,862.45,44.42,71.35,81.12,635067,,2.31,-3.65,2.10,-7.09,-16.74,7.72,Win
GODREJIND,RSITTF,D,2024-10-08,1097.55,39.65,63.85,74.69,117769,,-5.27,-7.82,-7.51,-1.64,-16.09,3.88,Win
SPMLINFRA,RSITTF,D,2024-10-08,247.35,44.86,64.69,89.50,74413,,5.46,-12.11,-8.43,-3.27,-25.20,7.54,Win
ESG,RSITTF,D,2024-10-08,42.53,44.56,61.64,83.39,144521,,-0.02,-2.68,-4.14,-1.55,-8.30,2.63,Win
UMIYA-MRO,RSITTF,D,2024-10-08,104.52,44.60,60.62,70.76,113898,,-6.75,-12.94,-11.05,-16.44,-21.55,0.70,Loss
SBINEQWETF,RSITTF,D,2024-10-08,32.34,41.97,63.87,100.00,29830,,0.15,-3.34,-4.85,-5.26,-10.24,2.35,Loss
NIFTYAXIS,RSITTF,D,2024-10-08,272.15,44.28,60.88,83.78,50016,,-0.21,-2.35,-3.54,-1.51,-7.29,3.12,Loss
NEXT50BETA,RSITTF,D,2024-10-08,79.48,44.72,65.70,85.51,160350,,1.40,-4.72,-6.89,-3.10,-11.93,3.99,Loss
NIFTYBEES,RSITTF,D,2024-10-08,279.40,42.00,62.12,84.28,6795305,,0.15,-2.09,-3.08,-1.25,-8.46,2.97,Loss
MONIFTY500,RSITTF,D,2024-10-09,23.82,43.62,66.79,100.00,225868,,0.38,-2.73,-1.43,-1.60,-7.22,3.40,Loss
INDOSTAR,RSITTF,D,2024-10-09,277.30,42.91,66.02,64.06,174962,,0.02,-3.64,5.01,12.59,-13.94,19.00,Win
BIKAJI,RSITTF,D,2024-10-09,862.75,44.48,71.35,81.12,370919,,5.43,-0.57,1.41,-4.90,-16.77,7.68,Loss
HDFCBSE500,RSITTF,D,2024-10-09,37.75,44.93,62.82,89.10,39533,,0.29,-2.94,-2.81,-1.38,-8.77,3.92,Win
NETF,RSITTF,D,2024-10-09,267.03,41.48,62.37,78.40,2158,,0.12,-2.33,-1.93,-1.13,-7.79,1.48,Loss
NIFTY1,RSITTF,D,2024-10-10,272.16,42.64,62.02,81.92,28250,,-1.07,-2.43,-3.17,-1.58,-6.95,0.76,Loss
SBINEQWETF,RSITTF,D,2024-10-10,32.36,43.61,63.87,100.00,23367,,-1.61,-3.92,-4.94,-5.56,-10.29,2.29,Loss
TOP100CASE,RSITTF,D,2024-10-10,10.78,42.82,63.51,100.00,206488,,-1.21,-3.15,-3.71,0.83,-7.88,11.32,Win
EQUAL50ADD,RSITTF,D,2024-10-11,332.32,44.61,64.02,87.40,4996,,-1.24,-5.49,-5.27,-5.59,-10.03,0.59,Loss
SUMIT,RSITTF,D,2024-10-11,133.82,40.29,66.27,91.26,39575,,4.62,-5.25,3.89,13.03,-9.99,16.57,Win
ALPL30IETF,RSITTF,D,2024-10-11,31.09,44.45,63.22,100.00,1890821,,-1.64,-5.85,-6.53,-6.53,-11.55,2.28,Loss
NV20IETF,RSITTF,D,2024-10-11,15.88,44.86,61.60,96.42,796426,,-0.69,-3.40,-3.34,-1.13,-8.69,7.24,Loss
HDFCVALUE,RSITTF,D,2024-10-11,146.09,44.50,62.81,90.53,5463,,-0.43,-3.33,-2.99,-1.03,-6.29,5.12,Loss
TOP100CASE,RSITTF,D,2024-10-11,10.79,43.60,61.73,100.00,171685,,-0.65,-4.17,-4.45,-1.85,-7.97,11.21,Loss
SHEKHAWATI,RSITTF,D,2024-10-11,39.57,43.22,61.71,99.63,174964,,19.03,11.90,10.59,-36.54,-38.84,21.48,Win
SUMIT,RSITTF,D,2024-10-14,135.82,43.51,66.27,91.26,24967,,0.73,-2.53,-1.55,10.37,-11.32,14.85,Win
NIF100BEES,RSITTF,D,2024-10-14,274.54,43.89,60.59,84.24,23918,,-1.58,-3.72,-4.21,-2.11,-7.85,0.53,Loss
GODREJIND,RSITTF,D,2024-10-14,1101.90,42.76,61.57,74.69,151691,,-8.03,-8.00,-11.04,-0.63,-16.42,6.28,Loss
LOWVOLIETF,RSITTF,D,2024-10-14,22.63,43.19,63.83,86.94,2361007,,-2.43,-4.02,-5.70,-4.99,-9.94,3.36,Loss
LOWVOL,RSITTF,D,2024-10-14,210.22,44.70,63.98,93.74,5585,,-2.08,-3.67,-5.65,-5.12,-24.36,7.98,Loss
NAVA,RSITTF,D,2024-10-15,513.83,44.88,68.52,91.25,228916,,-10.13,-8.47,-9.68,-1.18,-15.93,9.27,Loss
NIF100BEES,RSITTF,D,2024-10-15,274.67,44.28,60.59,84.24,15592,,-2.97,-3.04,-5.38,-2.23,-7.89,0.48,Loss
TOP100CASE,RSITTF,D,2024-10-15,10.80,44.48,61.73,100.00,161214,,-2.96,-3.24,-5.37,-2.41,-8.06,11.11,Loss
GMRP&UI,RSITTF,D,2024-10-18,134.55,44.47,64.99,85.98,1610566,,-14.60,-12.91,-24.01,-17.51,-27.68,2.19,Loss
POKARNA,RSITTF,D,2024-10-23,1004.75,44.50,75.08,75.78,35623,,5.23,5.05,-1.74,18.53,-5.62,28.36,Loss
THANGAMAYL,RSITTF,D,2024-10-23,2171.40,44.02,75.54,84.47,55725,,-1.41,-8.16,-11.07,-10.29,-18.48,4.81,Loss
MARKSANS,RSITTF,D,2024-10-23,270.15,44.37,68.93,85.63,1759597,,3.20,9.70,14.25,12.86,-4.66,32.78,Win
KEYFINSERV,RSITTF,D,2024-10-24,281.15,44.85,62.91,75.53,929,,-6.67,-6.86,-13.43,-10.36,-16.38,0.00,Loss
VEDL,RSITTF,D,2024-10-24,175.53,44.74,61.49,76.28,19424618,,-1.07,-2.38,-5.38,0.88,-8.27,12.35,Loss
MARKSANS,RSITTF,D,2024-10-24,271.20,44.97,68.93,85.63,1377486,,6.80,11.19,16.35,8.31,-5.03,32.26,Loss
POWERINDIA,RSITTF,D,2024-10-24,13767.25,44.53,71.35,85.15,25938,,0.38,4.26,-15.30,-1.29,-20.64,9.60,Loss
JSWDULUX,RSITTF,D,2024-10-24,3706.90,44.13,70.61,79.25,6436,,18.76,12.71,-1.74,-5.48,-9.02,26.09,Win
SUNPHARMA,RSITTF,D,2024-10-24,1848.90,42.86,75.98,79.71,1739776,,0.00,-3.13,-2.70,-1.86,-6.79,3.99,Win
ORIENTHOT,RSITTF,D,2024-10-24,163.31,43.92,61.95,81.89,175495,,11.44,9.63,12.90,8.85,-2.44,23.69,Win
JSWDULUX,RSITTF,D,2024-10-25,3712.70,44.43,62.70,79.25,13468,,21.70,10.21,-2.88,-6.15,-9.16,25.89,Win
SHK,RSITTF,D,2024-10-28,279.75,42.87,60.37,78.01,684457,,4.97,6.33,1.25,-10.26,-15.25,14.19,Loss
ANANTRAJ,RSITTF,D,2024-10-28,681.15,44.94,63.93,92.74,1231958,,6.74,7.61,-1.42,20.22,-4.79,31.09,Win
TORNTPOWER,RSITTF,D,2024-10-29,1842.80,44.83,67.79,83.79,296729,,-7.21,-9.99,-18.16,-21.24,-24.03,2.56,Loss
CENTURYPLY,RSITTF,D,2024-10-30,844.25,43.51,60.27,67.79,71979,,-0.21,-11.22,-14.11,-15.29,-25.26,4.20,Loss
CCCL,RSITTF,D,2024-10-31,18.44,37.28,68.50,73.02,1242003,,-13.02,-13.67,3.04,-18.71,-21.58,8.46,Win
CCCL,RSITTF,D,2024-11-01,19.36,44.87,68.83,73.02,1254698,,-21.33,-18.85,-3.82,-21.07,-25.31,3.31,Loss
UNICHEMLAB,RSITTF,D,2024-12-10,794.05,43.01,60.38,80.67,76245,,-1.62,-9.97,-9.84,-9.67,-15.50,5.33,Loss
ERIS,RSITTF,D,2024-12-19,1394.10,44.36,68.17,78.91,88624,,-3.35,-6.94,-7.46,-9.25,-18.83,7.59,Loss
GANESHHOU,RSITTF,D,2024-12-26,1167.80,43.41,62.29,80.20,103310,,11.26,12.98,15.84,6.70,-5.38,27.16,Loss
SUPRIYA,RSITTF,D,2024-12-27,703.55,45.00,63.84,80.65,151768,,9.80,-5.85,-0.43,-3.50,-16.76,13.40,Loss
SKYGOLD,RSITTF,D,2025-01-03,390.30,44.73,65.90,92.79,334738,,-6.07,-5.91,-13.69,-18.50,-25.19,3.22,Loss
NBIFIN,RSITTF,D,2025-01-03,3192.40,43.23,60.10,75.04,443,,-7.91,-16.75,-27.02,-28.77,-35.78,2.00,Loss
KOTAKBANK,RSITTF,D,2025-05-07,418.98,44.90,69.34,66.46,18697280,,-0.12,-1.13,-2.32,3.54,-2.92,7.00,Win
RAMANEWS,RSITTF,D,2025-05-08,32.36,43.91,61.13,76.41,199465,,14.28,22.96,22.59,-0.68,-7.97,38.38,Win
NH,RSITTF,D,2025-05-23,1724.40,44.82,64.67,83.80,196219,,1.13,1.53,10.38,13.19,-0.78,37.45,Win
KRISHANA,RSITTF,D,2025-07-08,85.21,39.40,70.74,81.74,1207895,,13.20,16.27,29.36,35.34,0.00,45.29,Win
KRISHANA,RSITTF,D,2025-07-11,87.48,43.95,68.41,81.74,516545,,11.19,19.90,17.52,27.16,0.00,41.52,Win
APOLLO,RSITTF,D,2025-07-17,179.66,44.69,63.79,74.46,1776396,,-4.47,-3.34,5.70,83.49,-9.64,97.43,Loss
MFSL,RSITTF,D,2025-07-18,1539.10,43.30,68.35,72.10,637166,,-0.81,-4.33,6.57,1.62,-5.72,8.82,Win
MFSL,RSITTF,D,2025-07-21,1541.70,44.13,68.35,72.10,483925,,-0.92,-3.90,6.20,-0.24,-5.88,8.63,Win
DODLA,RSITTF,D,2025-07-22,1331.30,40.93,66.42,66.21,223924,,-3.48,-3.07,1.16,9.63,-6.52,12.67,Win
DODLA,RSITTF,D,2025-07-23,1340.40,42.62,66.42,66.21,149267,,-3.47,-2.52,0.93,7.78,-7.15,11.91,Loss
SUBROS,RSITTF,D,2025-07-24,869.45,43.92,64.98,72.32,50450,,-1.65,0.10,0.05,17.53,-10.52,39.59,Loss
LUMAXTECH,RSITTF,D,2025-07-28,1040.40,40.34,69.92,82.31,89855,,10.34,0.28,9.27,20.95,-8.29,28.59,Win
SRM,RSITTF,D,2025-07-29,459.35,44.87,63.06,77.84,85869,,1.23,3.96,0.75,21.00,-2.22,25.22,Win
MCX,RSITTF,D,2025-07-29,1567.90,41.55,62.87,80.20,2345660,,0.48,3.98,-5.59,2.34,-6.83,7.65,Loss
ARKADE,RSITTF,D,2025-07-29,193.57,43.46,61.81,66.33,502260,,-2.13,-1.40,-9.47,-9.60,-13.49,2.60,Loss
JMFINANCIL,RSITTF,D,2025-07-31,157.83,44.22,75.44,65.07,4139160,,-1.78,17.78,17.26,2.50,-5.02,26.59,Loss
PSPPROJECT,RSITTF,D,2025-08-01,757.70,43.42,60.84,61.94,113623,,-9.63,-12.21,-7.17,-0.74,-18.07,6.90,Loss
MARATHON,RSITTF,D,2025-08-07,655.20,43.65,61.70,64.19,134273,,-3.00,-1.26,-6.32,-10.13,-16.16,4.61,Loss
FMGOETZE,RSITTF,D,2025-08-07,542.40,42.20,67.86,72.36,71231,,-2.78,-1.71,5.77,-7.68,-14.39,6.45,Loss
GALLANTT,RSITTF,D,2025-08-20,635.50,43.41,65.69,85.56,334333,,-8.51,-3.61,5.60,-0.28,-18.95,18.65,Loss
NACLIND,RSITTF,D,2025-08-20,236.06,42.63,64.86,85.22,478643,,5.71,4.50,-9.26,-22.99,-26.21,10.99,Win
GLENMARK,RSITTF,D,2025-08-21,1940.90,40.45,66.59,73.58,890032,,-0.88,5.72,7.43,-4.54,-7.64,11.13,Loss
GALLANTT,RSITTF,D,2025-08-25,618.50,40.86,60.47,85.56,278048,,-1.71,15.39,7.41,-13.06,-16.72,21.92,Loss
INFOBEAN,RSITTF,D,2025-09-09,135.61,42.68,61.89,67.80,440604,,2.87,-1.59,-5.83,13.81,-14.09,25.32,Win
VGL,RSITTF,D,2025-09-10,84.78,42.84,64.80,88.08,23384,,4.20,-2.84,-7.94,-7.81,-32.77,9.11,Win
INFOBEAN,RSITTF,D,2025-09-10,138.13,44.71,61.89,67.80,243352,,1.77,-6.07,-8.80,11.56,-15.66,23.04,Loss
NUVOCO,RSITTF,D,2025-09-12,428.65,40.14,61.87,64.00,192714,,4.39,-2.04,0.10,-12.66,-15.96,5.74,Win
HCG,RSITTF,D,2025-09-22,646.65,42.80,61.24,82.66,276123,,-3.26,0.12,10.83,14.20,-5.67,23.67,Loss
ANANDRATHI,RSITTF,D,2025-09-30,1413.40,42.20,70.93,78.50,517380,,5.79,10.76,11.06,1.99,-1.96,17.50,Win
SARDAEN,RSITTF,D,2025-10-01,550.75,43.67,61.23,68.12,517132,,3.72,-1.15,-3.86,-9.13,-14.66,6.75,Win
HYUNDAI,RSITTF,D,2025-10-08,2473.80,43.20,63.32,76.82,1727243,,-2.19,-7.33,-5.97,-6.64,-9.16,0.53,Loss
KHAICHEM,RSITTF,D,2025-10-15,119.59,44.78,69.08,68.30,210158,,4.99,-9.54,-20.64,-30.91,-37.29,11.13,Loss
RAMCOIND,RSITTF,D,2025-10-15,333.95,43.81,64.48,68.30,139693,,0.90,7.76,-6.51,-5.02,-13.58,10.14,Loss
JSLL,RSITTF,D,2025-10-15,742.35,44.00,72.67,83.29,188479,,-2.26,0.53,-4.43,-4.47,-10.92,12.48,Loss
APOLLO,RSITTF,D,2025-10-16,293.45,41.50,71.89,82.52,5609398,,-0.78,-5.67,-4.98,-19.58,-25.15,4.99,Win
LANDSMILL,RSITTF,D,2025-10-16,1.48,44.04,71.36,69.53,8444367,,8.11,0.68,2.70,-19.59,-25.00,11.49,Win
APOLLO,RSITTF,D,2025-10-17,293.65,41.62,64.50,82.52,8064562,,-2.86,-5.24,-6.69,-22.15,-25.20,3.18,Loss
IZMO,RSITTF,D,2025-10-17,896.80,42.60,60.84,81.22,139938,,-6.02,-4.03,5.75,-8.69,-15.24,13.74,Loss
KAYNES,RSITTF,D,2025-10-21,6867.00,44.72,60.97,70.95,81514,,0.75,-7.40,-13.10,-41.07,-45.94,1.91,Loss
IZMO,RSITTF,D,2025-10-21,889.30,42.51,60.84,81.22,28567,,-10.60,1.60,12.77,-10.00,-14.53,14.70,Loss
AXISCADES,RSITTF,D,2025-10-21,1507.50,42.59,61.13,73.42,15442,,3.02,-2.20,0.36,-16.98,-24.26,10.12,Loss
APOLLO,RSITTF,D,2025-10-24,291.15,42.39,63.76,82.52,2923619,,-4.93,-9.57,-10.80,-14.20,-24.56,0.81,Loss
SILVERBETA,RSITTF,D,2025-10-27,139.18,44.87,63.34,76.69,1864819,,3.66,7.54,8.41,46.56,-3.61,75.77,Loss
TFCILTD,RSITTF,D,2025-10-28,70.69,43.34,75.42,78.91,11936638,,-1.36,-3.10,4.00,-8.37,-12.72,5.39,Loss
COMSYN,RSITTF,D,2025-10-28,150.72,44.80,69.90,69.82,132207,,2.71,-5.82,-8.44,-2.49,-9.47,8.78,Loss
BAJFINANCE,RSITTF,D,2025-11-12,1013.20,43.46,66.26,68.73,11131278,,-0.75,-0.25,-0.29,-4.07,-7.54,4.72,Loss
ATALREAL,RSITTF,D,2025-11-19,23.14,44.39,72.63,68.19,6351859,,0.43,1.12,8.73,16.72,-2.98,26.19,Win
PROZONER,RSITTF,D,2025-11-20,57.61,41.52,60.75,74.90,104751,,-6.44,-12.48,-10.29,-2.85,-22.60,8.90,Loss
RBLBANK,RSITTF,D,2025-12-03,304.30,43.52,71.80,66.70,4279637,,-0.76,-2.42,3.61,-4.04,-5.62,7.94,Loss
SOMATEX,RSITTF,D,2025-12-05,113.00,41.86,60.30,69.62,22317,,-5.90,-5.43,19.87,1.14,-10.90,30.97,Loss
SALSTEEL,RSITTF,D,2025-12-05,36.63,43.46,61.24,75.82,207330,,-4.40,16.43,17.72,7.32,-9.64,32.98,Loss
MOVALUE,RSITTF,D,2025-12-09,111.50,43.87,63.40,68.34,63671,,0.48,2.65,6.58,9.52,-0.78,12.13,Win
MOM100,RSITTF,D,2025-12-09,64.27,43.53,60.72,66.60,378623,,0.06,1.91,2.85,-0.34,-6.02,3.55,Loss
ACUTAAS,RSITTF,D,2025-12-09,1666.20,44.28,64.04,79.92,436217,,1.69,0.53,5.82,18.86,-5.77,27.24,Win
SOMATEX,RSITTF,D,2025-12-10,110.70,40.95,60.30,69.62,19076,,-7.21,11.74,15.18,2.09,-9.05,33.69,Loss
ORICONENT,RSITTF,D,2025-12-10,56.00,44.72,63.67,75.77,66673,,5.62,7.14,9.32,16.00,-1.43,21.23,Win
KARURVYSYA,RSITTF,D,2025-12-11,241.82,44.88,69.31,72.89,428660,,2.35,8.68,9.03,35.04,0.00,35.60,Win
NIFTYQLITY,RSITTF,D,2025-12-11,21.90,44.67,63.64,62.44,20721,,0.46,1.60,1.42,-0.55,-5.25,5.16,Loss
PTCIL,RSITTF,D,2025-12-17,17437.00,42.36,64.53,67.39,11809,,4.67,5.25,3.05,5.43,-6.42,10.54,Loss
DCBBANK,RSITTF,D,2025-12-18,168.02,44.91,64.83,68.65,775241,,1.46,5.61,13.85,14.76,-0.73,21.24,Win
HEROMOTOCO,RSITTF,D,2025-12-19,5781.00,41.61,60.34,70.45,769295,,-3.72,3.54,-3.47,-3.53,-8.35,4.64,Loss
SILVERTUC,RSITTF,D,2026-02-17,127.78,44.48,61.01,83.60,458230,,11.93,2.73,-12.43,1.32,-21.35,20.16,Win
NATIONALUM,RSITTF,D,2026-02-20,341.20,44.40,70.34,82.58,5837972,,3.93,13.75,2.51,28.09,-2.01,30.47,Loss
